Workbook
Name EnterPrise: [1]Cadastro!#REF!
Name EnterPrise: [1]Cadastro!#REF!
Name EnterPrise: [1]Cadastro!#REF!
Name EnterPrise: [1]Cadastro!#REF!
Name EnterPrise: [1]Cadastro!#REF!
Name EnterPrise: [1]Cadastro!#REF!
Name EnterPrise: [1]Cadastro!#REF!
Name EnterPrise: [1]Cadastro!#REF!
Name EnterPrise: [1]Cadastro!#REF!
Name Gopal: [1]Cadastro!#REF!
Name Gopal: [1]Cadastro!#REF!
Name Gopal: [1]Cadastro!#REF!
Name Gopal: [1]Cadastro!#REF!
Name Gopal: [1]Cadastro!#REF!
Name Gopal: [1]Cadastro!#REF!
Name Gopal: [1]Cadastro!#REF!
Name Gopal: [1]Cadastro!#REF!
Name Gopal: [1]Cadastro!#REF!
Name Platô: [1]Cadastro!#REF!
Name Platô: [1]Cadastro!#REF!
Name Platô: [1]Cadastro!#REF!
Name Platô: [1]Cadastro!#REF!
Name Platô: [1]Cadastro!#REF!
Name Platô: [1]Cadastro!#REF!
Name Platô: [1]Cadastro!#REF!
Name Platô: [1]Cadastro!#REF!
Name Platô: [1]Cadastro!#REF!
Name RendimentoFVC: [1]Cadastro!#REF!
Name RendimentoFVC: [1]Cadastro!#REF!
Name RendimentoFVC: [1]Cadastro!#REF!
Name RendimentoFVC: [1]Cadastro!#REF!
Name RendimentoFVC: [1]Cadastro!#REF!
Name RendimentoFVC: [1]Cadastro!#REF!
Name RendimentoFVC: [1]Cadastro!#REF!
Name RendimentoFVC: [1]Cadastro!#REF!
Name RendimentoFVC: [1]Cadastro!#REF!
Name Touro: [1]Cadastro!#REF!
Name Touro: [1]Cadastro!#REF!
Name Touro: [1]Cadastro!#REF!
Name Touro: [1]Cadastro!#REF!
Name Touro: [1]Cadastro!#REF!
Name Touro: [1]Cadastro!#REF!
Name Touro: [1]Cadastro!#REF!
Name Touro: [1]Cadastro!#REF!
Name Touro: [1]Cadastro!#REF!

Sheet INICIO
C1: Estação de Monta de 2019/20
B3: LOTES | I3: MATRIZES | P3: LOTES
I5: ='CONTROLE LOTE'!D45 -> 384 | P5: =SUM(IFERROR(1/COUNTIF('CONTROLE LOTE'!B7:B44,'CONTROLE LOTE'!B7:B44),0)) -> 0
B6: HORÁRIO
I7: Qtde. matrizes na EM | P7: Qtde. lotes relacionados a EM
B9: PROTOCOLO | G9: HISTORICO | N9: VACINA REPRODUTIVA
B12: IMPLANTE
B15: SEMÊN | G15: ANÁLISE

Sheet CONTROLE LOTE
B2: Gestão de Lotes
B5: LOTES | C5: IMPLANTE - D0 | E5: MEDICAÇÃO - D7 | G5: RETIRADA - D8 | I5: RETIRADA - D9 | K5: IA - 10 | M5: IA - 11 | O5: DG | S5: OBSERVAÇÃO | U5: DATA - US
C6: DATA | D6: QTIDADE | E6: DATA | F6: QTIDADE | G6: DATA | H6: QTIDADE | I6: DATA | J6: QTIDADE | K6: DATA | L6: QTIDADE | M6: DATA | N6: QTIDADE | O6: DATA | P6: QTIDADE | Q6: PRENHES | R6: ÍNDICE
B7: 1 | C7: 45967 | D7: 29 | E7: 45967 | F7: 29 | G7: 45975 | H7: 29 | I7: 45977 | J7: 29 | M7: 45977 | N7: 29 | R7: =Q7/P7 -> #DIV/0! | S7: vermifugo e fos | U7: =K7+30 -> 30
B8: 2 | C8: 45967 | D8: 29 | E8: 45967 | F8: 29 | G8: 45975 | H8: 29 | I8: 45977 | J8: 29 | M8: 45977 | N8: 29 | R8: =Q8/P8 -> #DIV/0! | S8: vermifugo e fos | U8: =K8+30 -> 30
B9: 3 | C9: 45967 | D9: 87 | E9: 0.54545455 | F9: 88 | G9: 45975 | H9: 88 | I9: 45977 | J9: 88 | M9: 45977 | N9: 88 | R9: =Q9/P9 -> #DIV/0! | S9: parte lote pgf, vermif, fos | U9: =M9+30 -> 46007
B10: 4 | C10: 45993 | D10: 16 | G10: 46001 | H10: 16 | K10: 46003 | L10: 16 | R10: =Q10/P10 -> #DIV/0! | U10: =M10+30 -> 30
B11: 5 | C11: 45993 | D11: 48 | G11: 46001 | H11: 48 | K11: 46003 | L11: 48 | R11: =Q11/P11 -> #DIV/0! | U11: =M11+30 -> 30
B12: 1A | C12: 46387 | D12: 23 | I12: 46030 | J12: 23 | M12: 46032 | N12: 23 | R12: =Q12/P12 -> #DIV/0! | U12: =M12+30 -> 46062
B13: 2A | C13: 46387 | D13: 18 | I13: 46030 | J13: 18 | M13: 10 | N13: 18 | R13: =Q13/P13 -> #DIV/0! | U13: =M13+30 -> 40
B14: 3A | C14: 31 | D14: 54 | I14: 46030 | J14: 54 | M14: 10 | N14: 54 | R14: =Q14/P14 -> #DIV/0! | U14: =M14+30 -> 40
B15: 6 | C15: 46036 | D15: 80 | G15: 46044 | H15: 80 | K15: 46046 | R15: =Q15/P15 -> #DIV/0! | U15: =K15+30 -> 46076
R16: =Q16/P16 -> #DIV/0! | U16: =K16+30 -> 30
R17: =Q17/P17 -> #DIV/0! | U17: =K17+30 -> 30
R18: =Q18/P18 -> #DIV/0! | U18: =K18+30 -> 30
R19: =Q19/P19 -> #DIV/0! | U19: =M19+30 -> 30
R20: =Q20/P20 -> #DIV/0! | U20: =M20+30 -> 30
R21: =Q21/P21 -> #DIV/0! | U21: =M21+30 -> 30
R22: =Q22/P22 -> #DIV/0! | U22: =M22+30 -> 30
R23: =Q23/P23 -> #DIV/0! | U23: =M23+30 -> 30
R24: =Q24/P24 -> #DIV/0! | U24: =M24+30 -> 30
R25: =Q25/P25 -> #DIV/0! | U25: =M25+30 -> 30
R26: =Q26/P26 -> #DIV/0! | U26: =M26+30 -> 30
R27: =Q27/P27 -> #DIV/0! | U27: =M27+30 -> 30
R28: =Q28/P28 -> #DIV/0! | U28: =M28+30 -> 30
R29: =Q29/P29 -> #DIV/0! | U29: =M29+30 -> 30
R30: =Q30/P30 -> #DIV/0! | U30: =M30+30 -> 30
... R42: =Q42/P42 -> #DIV/0! | U42: =M42+30 -> 30
R43: =Q43/P43 -> #DIV/0!
R44: =Q44/P44 -> #DIV/0!
B45: TOTAL | D45: =SUM(D7:D44) -> 384 | F45: =SUM(F7:F44) -> 146 | H45: =SUM(H7:H44) -> 290 | J45: =SUM(J7:J44) -> 241 | L45: =SUM(L7:L44) -> 64 | N45: =SUM(N7:N44) -> 241 | P45: =SUM(P7:P44) -> 0
K46: TOTAL | L46: =L45+N45 -> 305
J50: TOTAL | L50: =L48+L49 -> 0

Sheet CONTROLE HORARIO
B1: Gestão de Horário
B5: LOTES | C5: IMPLANTE - D0 | E5: MEDICAÇÃO - D7 | G5: RETIRADA - D8 | I5: RETIRADA - D9 | K5: IA - D10 | M5: IA - D11 | O5: OBSERVAÇÃO
C6: H. INICIAL | D6: H. FINAL | E6: H. INICIAL | F6: H. FINAL | G6: H. INICIAL | H6: H. FINAL | I6: H. INICIAL | J6: H. FINAL | K6: H. INICIAL | L6: H. FINAL | M6: H. INICIAL | N6: H. FINAL
B7: 1 | C7: 0.29791667 | D7: 0.3125 | G7: 0.65277778 | H7: 0.66319444 | K7: 0.6875 | L7: 0.70763889
B8: 2 | C8: 0.31597222 | D8: 0.34027778 | G8: 0.66458333 | H8: 0.67361111 | K8: 0.70833333 | L8: 0.72430556
B9: 3 | C9: 0.34722222 | D9: 0.40277778 | G9: 0.67708333 | H9: 0.70138889 | K9: 0.72916667 | L9: 0.76388889
B10: 4 | C10: 0.77777778 | D10: 0.79861111 | G10: 0.75 | H10: 0.76041667
B11: 5 | C11: 0.80208333 | D11: 0.82638889 | G11: 0.76388889 | H11: 0.78472222
B12: 1A | C12: 0.64583333 | D12: 0.66319444 | G12: 0.67013889 | H12: 0.6875 | K12: 0.67361111 | L12: 0.69444444
B13: 2A | C13: 0.66666667 | D13: 0.68055556 | G13: 0.69097222 | H13: 0.71041667 | K13: 0.69791667 | L13: 0.71875
B14: 3A | C14: 0.69791667 | D14: 0.72916667 | G14: 0.71527778 | H14: 0.74305556 | K14: 0.72569444 | L14: 0.76388889
B15: 6 | C15: 0.33333333 | D15: 0.38194444 | G15: 0.38888889 | H15: 0.43055556 | K15: 0.42986111

Sheet CONTROLE PROTOCOLO
B2: Gestão Protocolo
B5: LOTES | C5: D0 - IMPLANTE | I5: D7 - MEDICAÇÃO | K5: D8 - RETIRADA | Q5: D9 - RETIRADA
C6: IMPLANTE | D6: USO | E6: BENZOATO | F6: DOSE | G6: PGF | H6: DOSE | I6: PGF | J6: DOSE | K6: ESTROGINO | L6: DOSE | M6: PGF | N6: DOSE | O6: ECG | P6: DOSE | Q6: ESTROGINO | R6: DOSE | S6: PGF | T6: DOSE | U6: ECG | V6: DOSE
B7: 1 | C7: Repro Neo | D7: 1 | E7: Syncrogem | F7: 2 | K7: Cipion | L7: 0.5 | M7: Inducio | N7: 2 | O7: Ecgem | P7: 1.5
B8: 2 | C8: Repro Neo | D8: 1 | E8: Syncrogem | F8: 2 | G8: Inducio | H8: 2 | K8: Cipion | L8: 0.5 | M8: Inducio | N8: 2 | O8: Ecgem | P8: 1.5
B9: 3 | C9: Repro Neo | D9: 1 | E9: Syncrogem | F9: 2 | G9: Inducio | H9: 2 | K9: Cipion | L9: 0.5 | M9: Inducio | N9: 2 | O9: Ecgem | P9: 1.5
B10: 4 | C10: Repro Neo | D10: 2 | E10: Syncrogem | F10: 2 | K10: Cipion | L10: 0.5 | M10: Inducio | N10: 2 | O10: Ecgem | P10: 1.5
B11: 5 | C11: Repro Neo | D11: 2 | E11: Syncrogem | F11: 2 | K11: Cipion | L11: 0.5 | M11: Inducio | N11: 2 | O11: Ecgem | P11: 1.5
B12: 1A | C12: Repro Neo | D12: 3 | E12: Syncrogem | F12: 2 | K12: Cipion | L12: 0.5 | M12: Inducio | N12: 2 | O12: Ecgem | P12: 1.5
B13: 2A | C13: Repro Neo | D13: 3 | E13: Syncrogem | F13: 2 | K13: Cipion | L13: 0.5 | M13: Inducio | N13: 2 | O13: Ecgem | P13: 1.5
B14: 3A | C14: Repro Neo | D14: 3 | E14: Syncrogem | F14: 2 | K14: Cipion | L14: 0.5 | M14: Inducio | N14: 2 | O14: Ecgem | P14: 1.5
B15: 6 | C15: Repro Neo | D15: 1 | E15: Syncrogem | F15: 2

Sheet CONTROLE IMPLANTE
B1: Gestão de Implante
B4: LOTES | C4: RESPONSSAVEL | D4: QUANTIDADE | E4: EMPRESA | F4: CATEGORIA | G4: PERDA | H4: % PERDA | J4: OBSERVAÇÃO
B5: 1 | C5: Cezar | D5: 29 | E5: Globalgem | F5: Multípara | G5: 0 | H5: =G5/D5 -> 0
B6: 2 | C6: Cezar | D6: 29 | E6: Globalgem | F6: Novilhas | G6: 0 | H6: =G6/D6 -> 0
B7: 3 | C7: Cezar | D7: 88 | E7: Globalgem | F7: Solteiras | G7: 1 | H7: =G7/D7 -> 0.011363636
B8: 4 | C8: Cezar | D8: 16 | E8: Globalgem | F8: Novilhas | G8: 0 | H8: %
B9: 5 | C9: Cezar | D9: 48 | E9: Globalgem | F9: Multípara | G9: 0 | H9: =G9/D9 -> 0
B10: 1A | C10: Cezar | D10: 23 | E10: Globalgem | F10: Multípara | H10: =G10/D10 -> 0
B11: 2A | C11: Cezar | D11: 18 | E11: Globalgem | F11: Novilhas | H11: =G11/D11 -> 0
B12: 3A | C12: Cezar | D12: 54 | E12: Globalgem | F12: Solteiras | H12: =G12/D12 -> 0
B13: 6 | C13: Cezar | D13: 80 | E13: Globalgem | F13: Multípara | H13: =G13/D13 -> 0
H14: =G14/D14 -> #DIV/0!
H15: =G15/D15 -> #DIV/0!
H16: =G16/D16 -> #DIV/0!
H17: =G17/D17 -> #DIV/0!
H18: =G18/D18 -> #DIV/0!
H19: =G19/D19 -> #DIV/0!
H20: =G20/D20 -> #DIV/0!
H21: =G21/D21 -> #DIV/0!
H22: =G22/D22 -> #DIV/0!
H23: =G23/D23 -> #DIV/0!
H24: =G24/D24 -> #DIV/0!
H25: =G25/D25 -> #DIV/0!
... H93: =G93/D93 -> #DIV/0!
B94: TOTAL | D94: =SUM(D5:D93) -> 385 | G94: =SUM(G5:G93) -> 1 | H94: =G94/D94 -> 0.0025974026

Sheet CONTROLE SEMEN
B2: Gestão de Semên
B5: LOTE | C5: RESPONSSAVEL | D5: TOURO | E5: QUANTIDADE TOTAL | F5: PERDA | G5: % | H5: OBS.:
B7: 1 | C7: João V. Mazetto | D7: Guapo Zurita | E7: 12 | F7: 1 | G7: =F7/E7 -> 0.083333333
B8: 1 | C8: João V. Mazetto | D8: Vagalume | E8: 17 | G8: =F8/E8 -> 0
B9: 2 | C9: João V. Mazetto | D9: Guapo Zurita | E9: 3 | G9: =F9/E9 -> 0
B10: 2 | C10: João V. Mazetto | D10: Vagalume | E10: 26 | G10: =F10/E10 -> 0
B11: 3 | C11: João V. Mazetto | D11: Guapo Zurita | E11: 27 | G11: =F11/E11 -> 0
B12: 3 | C12: João V. Mazetto | D12: Vagalume | E12: 26 | G12: =F12/E12 -> 0
B13: 4 | C13: Marcela | D13: Guapo Zurita | E13: 8 | G13: =F13/E13 -> 0
B14: 4 | C14: Marcela | D14: Vagalume | E14: 9 | G14: =F14/E14 -> 0
B15: 5 | C15: Marcela | D15: Guapo Zurita | E15: 15 | F15: 2 | G15: =F15/E15 -> 0.13333333
B16: 5 | C16: Marcela | D16: Vagalume | E16: 32 | F16: 2 | G16: =F16/E16 -> 0.0625
B17: 1.A | C17: Luana | D17: Guapo Zurita | E17: 9 | G17: =F17/E17 -> 0
B18: 1.A | C18: Luana | D18: Vagalume | E18: 8 | G18: =F18/E18 -> 0
B19: 2.A | C19: Luana | D19: Guapo Zurita | E19: 2 | G19: =F19/E19 -> 0
B20: 2.A | C20: Luana | D20: Vagalume | E20: 10 | G20: =F20/E20 -> 0
B21: 3.A | C21: Luana | D21: Guapo Zurita | E21: 14 | G21: =F21/E21 -> 0
B22: 3.A | C22: Luana | D22: Vagalume | E22: 33 | G22: =F22/E22 -> 0
B23: 6 | C23: Cesar | D23: Guapo Zurita | E23: 19 | F23: 2 | G23: =F23/E23 -> 0.10526316
B24: 6 | C24: Cesar | D24: Vagalume | E24: 59 | F24: 3 | G24: =F24/E24 -> 0.050847458
G25: =F25/E25 -> #DIV/0!
G26: =F26/E26 -> #DIV/0!
G27: =F27/E27 -> #DIV/0!
G28: =F28/E28 -> #DIV/0!
G29: =F29/E29 -> #DIV/0!
G30: =F30/E30 -> #DIV/0!
G31: =F31/E31 -> #DIV/0!
G32: =F32/E32 -> #DIV/0!
G33: =F33/E33 -> #DIV/0!
G34: =F34/E34 -> #DIV/0!
G35: =F35/E35 -> #DIV/0!
G36: =F36/E36 -> #DIV/0!
... G103: =F103/E103 -> #DIV/0!
B104: TOTAL | E104: =SUM(E7:E103) -> 329 | F104: =SUM(F7:F103) -> 10 | G104: =F104/E104 -> 0.030395137
D107: Touro | E107: Total
D108: Guapo Zurita | E108: =SUM(E7,E9,E11,E13,E15,E17,E19,E21,E23) -> 109
D109: Vagalume | E109: =SUM(E8,E10,E12,E14,E16,E18,E20,E20,E22,E24) -> 230

Sheet ANALISE
B2: Análise da IATF
C5: ANIMAIS TRABALHADOS
C7: DISPOSITIVO (USO)
C9: DISPOSITIVO (PESPONSÁVEL)
C11: SEMÊN (RESPONSÁVEL)

Sheet Animais trabalhado
B2: Quantidade de Animais Trabalhados por Manejo
D5: MANEJO | G5: 1º IATF | I5: 2º IATF | K5: 3º IATF | M5: TOTAL
D6: IMPLANTE | G6: 210 | M6: =G6+I6+K6 -> 210
D7: APLICAÇÃO MEDICAMENTO | G7: 210
D8: RETIRADA | G8: 210 | M8: =G8+I8+K8 -> 210
D9: INSEMINAÇÃO | G9: 146 | M9: =G9+I9+K9 -> 146
D10: DIAGNÓSTICO | M10: =G10+I10+K10 -> 0

Sheet Analise por dispositivo (perca)
B2: Análise por Dispositivo (Usos)
C5: DISPOSITIVO | E5: IMPLANTADA | G5: PERDA | I5: TAXA DE PERCA | K5: DISTRIBUIÇÃO
C6: PRIMEIRO USO | E6: 146 | G6: 1 | I6: =G6/E6 -> 0.0068493151 | K6: =E6/E11 -> #VALUE!
C7: SEGUNDO USO | E7: 64 | G7: =SUMIF('CONTROLE IMPLANTE'!$E$5:$E$93,"MSD 2",'CONTROLE IMPLANTE'!$G$5:$G$93) -> 0 | I7: =G7/E7 -> 0 | K7: =E7/E11 -> #VALUE!
C8: TERCEIRO USO | E8: =SUMIF('CONTROLE IMPLANTE'!$E$5:$E$93,"MSD 3",'CONTROLE IMPLANTE'!$D$5:$D$93) -> 0 | G8: =SUMIF('CONTROLE IMPLANTE'!$E$5:$E$93,"MSD 3",'CONTROLE IMPLANTE'!$G$5:$G$93) -> 0 | I8: =G8/E8 -> #DIV/0! | K8: =E8/E11 -> #VALUE!
E9: =COUNTIFS('[2]DADOS DA IATF'!E$7:E$16406,C9,'[2]DADOS DA IATF'!R$7:R$16406,"X") -> #VALUE! | G9: =COUNTIFS('[2]DADOS DA IATF'!E$7:E$16406,C9,'[2]DADOS DA IATF'!K$7:K$16406,"PRENHA IA",'[2]DADOS DA IATF'!G$7:G$16406,"X")+COUNTIFS('[2]DADOS DA IATF'!E$7:E$16406,C9,'[2]DADOS DA IATF'!K$7:K$16406,"VAZIA",'[2]DADOS DA IATF'!G$7:G$16406,"X")+COUNTIFS('[2]DADOS DA IATF'!E$7:E$16406,C9,'[2]DADOS DA IATF'!K$7:K$16406,"SINCRONIZADA",'[2]DADOS DA IATF'!G$7:G$16406,"X") -> #VALUE! | I9: =COUNTIFS('[2]DADOS DA IATF'!E$7:E$16406,C9,'[2]DADOS DA IATF'!K$7:K$16406,"NÃO DG",'[2]DADOS DA IATF'!G$7:G$16406,"X") -> #VALUE!
E10: =COUNTIFS('[2]DADOS DA IATF'!E$7:E$16406,C10,'[2]DADOS DA IATF'!R$7:R$16406,"X") -> #VALUE! | G10: =COUNTIFS('[2]DADOS DA IATF'!E$7:E$16406,C10,'[2]DADOS DA IATF'!K$7:K$16406,"PRENHA IA",'[2]DADOS DA IATF'!G$7:G$16406,"X")+COUNTIFS('[2]DADOS DA IATF'!E$7:E$16406,C10,'[2]DADOS DA IATF'!K$7:K$16406,"VAZIA",'[2]DADOS DA IATF'!G$7:G$16406,"X")+COUNTIFS('[2]DADOS DA IATF'!E$7:E$16406,C10,'[2]DADOS DA IATF'!K$7:K$16406,"SINCRONIZADA",'[2]DADOS DA IATF'!G$7:G$16406,"X") -> #VALUE! | I10: =COUNTIFS('[2]DADOS DA IATF'!E$7:E$16406,C10,'[2]DADOS DA IATF'!K$7:K$16406,"NÃO DG",'[2]DADOS DA IATF'!G$7:G$16406,"X") -> #VALUE!
C11: TOTAL | E11: =SUM(E6:F10) -> #VALUE! | G11: =SUM(G6:H10) -> #VALUE! | I11: =SUM(I6:J10) -> #DIV/0! | K11: =SUM(K6:K11) -> #VALUE!

Sheet Analise por dispositivo (resp)
B2: Análise por Dispositivo (Responsável)
C5: DISPOSITIVO | E5: IMPLANTADA | G5: PERDA | I5: TAXA DE PERCA | K5: DISTRIBUIÇÃO
C6: ReproNeo | E6: 210 | G6: 1 | I6: =G6/E6 -> 0.0047619048 | K6: =E6/E11 -> #VALUE!
E7: =SUMIF('CONTROLE IMPLANTE'!$C$5:$C$93,"WILLIAN",'CONTROLE IMPLANTE'!$D$5:$D$93) -> 0 | G7: =SUMIF('CONTROLE IMPLANTE'!$C$5:$C$93,"WILLIAN",'CONTROLE IMPLANTE'!$G$5:$G$93) -> 0 | I7: =G7/E7 -> #DIV/0! | K7: =E7/E11 -> #VALUE!
E8: =SUMIF('CONTROLE IMPLANTE'!$C$5:$C$93,"CARLOS",'CONTROLE IMPLANTE'!$D$5:$D$93) -> 0 | G8: =SUMIF('CONTROLE IMPLANTE'!$C$5:$C$93,"CARLOS",'CONTROLE IMPLANTE'!$G$5:$G$93) -> 0 | I8: =G8/E8 -> #DIV/0! | K8: =E8/E11 -> #VALUE!
E9: =COUNTIFS('[2]DADOS DA IATF'!E$7:E$16406,C9,'[2]DADOS DA IATF'!R$7:R$16406,"X") -> #VALUE! | G9: =COUNTIFS('[2]DADOS DA IATF'!E$7:E$16406,C9,'[2]DADOS DA IATF'!K$7:K$16406,"PRENHA IA",'[2]DADOS DA IATF'!G$7:G$16406,"X")+COUNTIFS('[2]DADOS DA IATF'!E$7:E$16406,C9,'[2]DADOS DA IATF'!K$7:K$16406,"VAZIA",'[2]DADOS DA IATF'!G$7:G$16406,"X")+COUNTIFS('[2]DADOS DA IATF'!E$7:E$16406,C9,'[2]DADOS DA IATF'!K$7:K$16406,"SINCRONIZADA",'[2]DADOS DA IATF'!G$7:G$16406,"X") -> #VALUE! | I9: =COUNTIFS('[2]DADOS DA IATF'!E$7:E$16406,C9,'[2]DADOS DA IATF'!K$7:K$16406,"NÃO DG",'[2]DADOS DA IATF'!G$7:G$16406,"X") -> #VALUE!
E10: =COUNTIFS('[2]DADOS DA IATF'!E$7:E$16406,C10,'[2]DADOS DA IATF'!R$7:R$16406,"X") -> #VALUE! | G10: =COUNTIFS('[2]DADOS DA IATF'!E$7:E$16406,C10,'[2]DADOS DA IATF'!K$7:K$16406,"PRENHA IA",'[2]DADOS DA IATF'!G$7:G$16406,"X")+COUNTIFS('[2]DADOS DA IATF'!E$7:E$16406,C10,'[2]DADOS DA IATF'!K$7:K$16406,"VAZIA",'[2]DADOS DA IATF'!G$7:G$16406,"X")+COUNTIFS('[2]DADOS DA IATF'!E$7:E$16406,C10,'[2]DADOS DA IATF'!K$7:K$16406,"SINCRONIZADA",'[2]DADOS DA IATF'!G$7:G$16406,"X") -> #VALUE! | I10: =COUNTIFS('[2]DADOS DA IATF'!E$7:E$16406,C10,'[2]DADOS DA IATF'!K$7:K$16406,"NÃO DG",'[2]DADOS DA IATF'!G$7:G$16406,"X") -> #VALUE!
C11: TOTAL | E11: =SUM(E6:F10) -> #VALUE! | G11: =SUM(G6:H10) -> #VALUE! | I11: =SUM(I6:J10) -> #DIV/0! | K11: =SUM(K6:K11) -> #VALUE!

Sheet Relatorio de Matrizes 
A1: Ficha Relatório.
A5: Produtor: - Propriedade:
A6: Data: 22/03/2020 | M6: Hora início: | P6: Hora término:
A7: Observações: | F7: Os lotes foram feitos diagnosticos com 30 dias.
A10: Seq. | B10: Número da fêmea | G10: CATEGORIA | J10: RETIRO | K10: TOURO | M10: RAÇA | N10: DATA I.A | O10: DIAGNÓSTICO | Q10: DATA D.G | R10: MÊS P.P
A11: 001 | B11: =IF('Lote 01'!E2="Prenha",'Lote 01'!C2,"-") -> - | G11: =IF('Lote 01'!E2="Prenha",'Lote 01'!I2,"-") -> - | K11: =IF('Lote 01'!E2="Prenha",'Lote 01'!J2,"-") -> -
A12: 002 | B12: =IF('Lote 01'!E3="Prenha",'Lote 01'!C3,"-") -> - | G12: =IF('Lote 01'!E3="Prenha",'Lote 01'!I3,"-") -> - | K12: =IF('Lote 01'!E3="Prenha",'Lote 01'!J3,"-") -> -
A13: 003 | B13: =IF('Lote 01'!E4="Prenha",'Lote 01'!C4,"-") -> - | G13: =IF('Lote 01'!E4="Prenha",'Lote 01'!I4,"-") -> - | K13: =IF('Lote 01'!E4="Prenha",'Lote 01'!J4,"-") -> -
A14: 004 | B14: =IF('Lote 01'!E5="Prenha",'Lote 01'!C5,"-") -> - | G14: =IF('Lote 01'!E5="Prenha",'Lote 01'!I5,"-") -> - | K14: =IF('Lote 01'!E5="Prenha",'Lote 01'!J5,"-") -> -
A15: 005 | B15: =IF('Lote 01'!E6="Prenha",'Lote 01'!C6,"-") -> 1204 | G15: =IF('Lote 01'!E6="Prenha",'Lote 01'!I6,"-") -> 0 | K15: =IF('Lote 01'!E6="Prenha",'Lote 01'!J6,"-") -> Vagalume
A16: 006 | B16: =IF('Lote 01'!E7="Prenha",'Lote 01'!C7,"-") -> 1214 | G16: =IF('Lote 01'!E7="Prenha",'Lote 01'!I7,"-") -> 0 | K16: =IF('Lote 01'!E7="Prenha",'Lote 01'!J7,"-") -> Vagalume
A17: 007 | B17: =IF('Lote 01'!E8="Prenha",'Lote 01'!C8,"-") -> - | G17: =IF('Lote 01'!E8="Prenha",'Lote 01'!I8,"-") -> - | K17: =IF('Lote 01'!E8="Prenha",'Lote 01'!J8,"-") -> -
A18: 008 | B18: =IF('Lote 01'!E9="Prenha",'Lote 01'!C9,"-") -> - | G18: =IF('Lote 01'!E9="Prenha",'Lote 01'!I9,"-") -> - | K18: =IF('Lote 01'!E9="Prenha",'Lote 01'!J9,"-") -> -
A19: 009 | B19: =IF('Lote 01'!E10="Prenha",'Lote 01'!C10,"-") -> 1855 | G19: =IF('Lote 01'!E10="Prenha",'Lote 01'!I10,"-") -> 0 | K19: =IF('Lote 01'!E10="Prenha",'Lote 01'!J10,"-") -> Vagalume
A20: 010 | B20: =IF('Lote 01'!E11="Prenha",'Lote 01'!C11,"-") -> - | G20: =IF('Lote 01'!E11="Prenha",'Lote 01'!I11,"-") -> - | K20: =IF('Lote 01'!E11="Prenha",'Lote 01'!J11,"-") -> -
A21: 011 | B21: =IF('Lote 01'!E12="Prenha",'Lote 01'!C12,"-") -> - | G21: =IF('Lote 01'!E12="Prenha",'Lote 01'!I12,"-") -> - | K21: =IF('Lote 01'!E12="Prenha",'Lote 01'!J12,"-") -> -
A22: 012 | B22: =IF('Lote 01'!E13="Prenha",'Lote 01'!C13,"-") -> - | K22: =IF('Lote 01'!E13="Prenha",'Lote 01'!J13,"-") -> -
A23: 013 | B23: ='Lote 01'!C14 -> 1978 | K23: =IF('Lote 01'!E14="Prenha",'Lote 01'!J14,"-") -> -
A24: 014 | B24: ='Lote 01'!C15 -> 2069
A25: 015 | B25: ='Lote 01'!C16 -> 2139
A26: 016 | B26: ='Lote 01'!C17 -> 2177
A27: 017 | B27: ='Lote 01'!C18 -> 2244
A28: 018 | B28: ='Lote 01'!C19 -> 2246
A29: 019 | B29: ='Lote 01'!C20 -> 2255
A30: 020 | B30: ='Lote 01'!C21 -> 2557
A31: 021 | B31: ='Lote 01'!C22 -> 2564
A32: 022 | B32: ='Lote 01'!C23 -> 2606
A33: 023 | B33: ='Lote 01'!C24 -> 2681
A34: 024 | B34: ='Lote 01'!C25 -> 3100
A35: 025 | B35: ='Lote 01'!C26 -> 3112
... A411: 401 | B411: ='Lote 01'!C402 -> 0
A412: 402
A413: 403
A414: 404
A415: 405
A416: 406
A417: 407
A418: 408
A419: 409
A420: 410
A421: 411
A422: 412
A423: 413
... A1010: 1000

Sheet Analise por semen (resp)
B2: Análise Semên (Responsável)
C5: DISPOSITIVO | E5: INSEMINADA | G5: PERDA | I5: TAXA DE PERCA | K5: DISTRIBUIÇÃO
E6: =SUMIF('CONTROLE SEMEN'!$C$7:$C$103,"joão",'CONTROLE SEMEN'!$E$7:$E$103) -> 0 | G6: =SUMIF('CONTROLE SEMEN'!$C$7:$C$103,"joão",'CONTROLE SEMEN'!$F$7:$F$103) -> 0 | I6: =G6/E6 -> #DIV/0! | K6: =E6/E11 -> #DIV/0!
E7: =SUMIF('CONTROLE SEMEN'!$C$7:$C$103,"willian",'CONTROLE SEMEN'!$E$7:$E$103) -> 0 | G7: =SUMIF('CONTROLE SEMEN'!$C$7:$C$103,"willian",'CONTROLE SEMEN'!$F$7:$F$103) -> 0 | I7: =G7/E7 -> #DIV/0! | K7: =E7/E11 -> #DIV/0!
E8: =SUMIF('CONTROLE SEMEN'!$C$7:$C$103,"carlos",'CONTROLE SEMEN'!$E$7:$E$103) -> 0 | G8: =SUMIF('CONTROLE SEMEN'!$C$7:$C$103,"carlos",'CONTROLE SEMEN'!$F$7:$F$103) -> 0 | I8: =G8/E8 -> #DIV/0! | K8: =E8/E11 -> #DIV/0!
E9: =SUMIF('CONTROLE SEMEN'!$C$7:$C$103,"joão",'CONTROLE SEMEN'!$E$7:$E$103) -> 0 | G9: =COUNTIFS('[2]DADOS DA IATF'!E$7:E$16406,C9,'[2]DADOS DA IATF'!K$7:K$16406,"PRENHA IA",'[2]DADOS DA IATF'!G$7:G$16406,"X")+COUNTIFS('[2]DADOS DA IATF'!E$7:E$16406,C9,'[2]DADOS DA IATF'!K$7:K$16406,"VAZIA",'[2]DADOS DA IATF'!G$7:G$16406,"X")+COUNTIFS('[2]DADOS DA IATF'!E$7:E$16406,C9,'[2]DADOS DA IATF'!K$7:K$16406,"SINCRONIZADA",'[2]DADOS DA IATF'!G$7:G$16406,"X") -> #VALUE! | I9: =COUNTIFS('[2]DADOS DA IATF'!E$7:E$16406,C9,'[2]DADOS DA IATF'!K$7:K$16406,"NÃO DG",'[2]DADOS DA IATF'!G$7:G$16406,"X") -> #VALUE!
E10: =SUMIF('CONTROLE SEMEN'!$C$7:$C$103,"joão",'CONTROLE SEMEN'!$E$7:$E$103) -> 0 | G10: =COUNTIFS('[2]DADOS DA IATF'!E$7:E$16406,C10,'[2]DADOS DA IATF'!K$7:K$16406,"PRENHA IA",'[2]DADOS DA IATF'!G$7:G$16406,"X")+COUNTIFS('[2]DADOS DA IATF'!E$7:E$16406,C10,'[2]DADOS DA IATF'!K$7:K$16406,"VAZIA",'[2]DADOS DA IATF'!G$7:G$16406,"X")+COUNTIFS('[2]DADOS DA IATF'!E$7:E$16406,C10,'[2]DADOS DA IATF'!K$7:K$16406,"SINCRONIZADA",'[2]DADOS DA IATF'!G$7:G$16406,"X") -> #VALUE! | I10: =COUNTIFS('[2]DADOS DA IATF'!E$7:E$16406,C10,'[2]DADOS DA IATF'!K$7:K$16406,"NÃO DG",'[2]DADOS DA IATF'!G$7:G$16406,"X") -> #VALUE!
C11: TOTAL | E11: =SUM(E6:F10) -> 0 | G11: =SUM(G6:H10) -> #VALUE! | I11: =SUM(I6:J10) -> #DIV/0! | K11: =SUM(K6:K11) -> #DIV/0!

Sheet Lotes
B2: Lotes
C5: Lote 1 | H5: Lote 6
C7: Lote 2 | H7: Lote 7
C9: Lote 3 | H9: Lote 8
C11: Lote 4 | H11: Lote 9
C13: Lote 5 | H13: Lote 10

Sheet Lote 01
A1: Lote | B1: Data IA | C1: Vaca | D1: E.C.C DG | E1: Diagnóstico | F1: E.C.C. IA | G1: Raça IA | H1: CIO | I1: Categoria | J1: Touro | K1: Partida | L1: Inseminador | M1: Observação | N1: Previsão de Parto | P1: Data IA | Q1: Coluna1 | R1: E.C.C DG | S1: Diagnóstico | T1: E.C.C. IA | U1: Raça IA | V1: CIO | W1: Categoria | X1: Touro | Y1: Partida | Z1: Inseminador | AA1: Observação | AB1: Previsão de Parto | AD1: Data IA | AE1: Vaca | AF1: E.C.C DG | AG1: Diagnóstico | AH1: E.C.C. IA | AI1: Raça IA | AJ1: CIO | AK1: Categoria | AL1: Touro | AM1: Partida | AN1: Inseminador | AO1: Observação | AP1: Previsão de Parto
A2: Vacas Par. Mês 09 | B2: 45977 | C2: 327 | E2: Não Prenha | F2: 2.25 | G2: SM | J2: Guapo | K2: 40232 | L2: Raimundo | N2: =IF(B2="","",SUM(B2+295)) -> 46272 | P2: 46032 | Q2: =IF(Tabela13[[#This Row],[Diagnóstico]]="Não Prenha",Tabela13[[#This Row],[Vaca]],"-") -> 327 | R2: =IF(Tabela13[[#This Row],[Diagnóstico]]="Não Prenha",Tabela13[[#This Row],[E.C.C DG]],"-") -> 0 | T2: =IF(Tabela13[[#This Row],[Diagnóstico]]="Não Prenha",Tabela13[[#This Row],[E.C.C. IA]],"-") -> 2.25 | U2: =IF(Tabela13[[#This Row],[Diagnóstico]]="Não Prenha",Tabela13[[#This Row],[Raça IA]],"-") -> SM | W2: =Tabela13[[#This Row],[Categoria]] -> 0 | X2: GUAPO | Y2: 40232 | Z2: RAIMUNDO | AB2: =IF(P2="","",SUM(P2+295)) -> 46327 | AE2: =IF(Tabela1312[[#This Row],[Diagnóstico]]="Não Prenha ",Tabela13[[#This Row],[Vaca]],"-") -> - | AK2: =Tabela13[[#This Row],[Categoria]] -> 0 | AP2: =IF(AD2="","",SUM(AD2+295))
A3: Vacas Par. Mês 09 | B3: 45977 | C3: 637 | E3: Não Prenha | F3: 2.75 | J3: Vagalume | K3: 45245 | L3: Raimundo | N3: =IF(B3="","",SUM(B3+295)) -> 46272 | P3: 46032 | Q3: =IF(Tabela13[[#This Row],[Diagnóstico]]="Não Prenha",Tabela13[[#This Row],[Vaca]],"-") -> 637 | R3: =IF(Tabela13[[#This Row],[Diagnóstico]]="Não Prenha",Tabela13[[#This Row],[E.C.C DG]],"-") -> 0 | T3: =IF(Tabela13[[#This Row],[Diagnóstico]]="Não Prenha",Tabela13[[#This Row],[E.C.C. IA]],"-") -> 2.75 | U3: =IF(Tabela13[[#This Row],[Diagnóstico]]="Não Prenha",Tabela13[[#This Row],[Raça IA]],"-") -> 0 | W3: =Tabela13[[#This Row],[Categoria]] -> 0 | X3: VAGALUME | Y3: 45210 | Z3: RAIMUNDO | AB3: =IF(P3="","",SUM(P3+295)) -> 46327 | AE3: =IF(Tabela1312[[#This Row],[Diagnóstico]]="Não Prenha ",Tabela13[[#This Row],[Vaca]],"-") -> - | AK3: =Tabela13[[#This Row],[Categoria]] -> 0 | AP3: =IF(AD3="","",SUM(AD3+295))
A4: Vacas Par. Mês 09 | B4: 45977 | C4: 1101 | E4: Não Prenha | F4: 2.25 | J4: Vagalume | K4: 45245 | L4: Raimundo | N4: =IF(B4="","",SUM(B4+295)) -> 46272 | P4: 46032 | Q4: =IF(Tabela13[[#This Row],[Diagnóstico]]="Não Prenha",Tabela13[[#This Row],[Vaca]],"-") -> 1101 | R4: =IF(Tabela13[[#This Row],[Diagnóstico]]="Não Prenha",Tabela13[[#This Row],[E.C.C DG]],"-") -> 0 | T4: =IF(Tabela13[[#This Row],[Diagnóstico]]="Não Prenha",Tabela13[[#This Row],[E.C.C. IA]],"-") -> 2.25 | U4: =IF(Tabela13[[#This Row],[Diagnóstico]]="Não Prenha",Tabela13[[#This Row],[Raça IA]],"-") -> 0 | W4: =Tabela13[[#This Row],[Categoria]] -> 0 | X4: VAGALUME | Y4: 45210 | Z4: RAIMUNDO | AB4: =IF(P4="","",SUM(P4+295)) -> 46327 | AE4: =IF(Tabela1312[[#This Row],[Diagnóstico]]="Não Prenha ",Tabela13[[#This Row],[Vaca]],"-") -> - | AK4: =Tabela13[[#This Row],[Categoria]] -> 0 | AP4: =IF(AD4="","",SUM(AD4+295))
A5: Vacas Par. Mês 09 | B5: 45977 | C5: 1120 | E5: Não Prenha | F5: 2.5 | J5: Vagalume | K5: 45245 | L5: Raimundo | N5: =IF(B5="","",SUM(B5+295)) -> 46272 | P5: 46032 | Q5: =IF(Tabela13[[#This Row],[Diagnóstico]]="Não Prenha",Tabela13[[#This Row],[Vaca]],"-") -> 1120 | R5: =IF(Tabela13[[#This Row],[Diagnóstico]]="Não Prenha",Tabela13[[#This Row],[E.C.C DG]],"-") -> 0 | T5: =IF(Tabela13[[#This Row],[Diagnóstico]]="Não Prenha",Tabela13[[#This Row],[E.C.C. IA]],"-") -> 2.5 | U5: =IF(Tabela13[[#This Row],[Diagnóstico]]="Não Prenha",Tabela13[[#This Row],[Raça IA]],"-") -> 0 | W5: =Tabela13[[#This Row],[Categoria]] -> 0 | X5: VAGALUME | Y5: 45210 | Z5: RAIMUNDO | AB5: =IF(P5="","",SUM(P5+295)) -> 46327 | AE5: =IF(Tabela1312[[#This Row],[Diagnóstico]]="Não Prenha ",Tabela13[[#This Row],[Vaca]],"-") -> - | AK5: =Tabela13[[#This Row],[Categoria]] -> 0 | AP5: =IF(AD5="","",SUM(AD5+295))
A6: Vacas Par. Mês 09 | B6: 45977 | C6: 1204 | E6: Prenha | F6: 2.25 | J6: Vagalume | K6: 45245 | L6: Raimundo | N6: =IF(B6="","",SUM(B6+295)) -> 46272 | Q6: =IF(Tabela13[[#This Row],[Diagnóstico]]="Não Prenha",Tabela13[[#This Row],[Vaca]],"-") -> - | R6: =IF(Tabela13[[#This Row],[Diagnóstico]]="Não Prenha",Tabela13[[#This Row],[E.C.C DG]],"-") -> - | T6: =IF(Tabela13[[#This Row],[Diagnóstico]]="Não Prenha",Tabela13[[#This Row],[E.C.C. IA]],"-") -> - | U6: =IF(Tabela13[[#This Row],[Diagnóstico]]="Não Prenha",Tabela13[[#This Row],[Raça IA]],"-") -> - | W6: =Tabela13[[#This Row],[Categoria]] -> 0 | AB6: =IF(P6="","",SUM(P6+295)) | AE6: =IF(Tabela1312[[#This Row],[Diagnóstico]]="Não Prenha ",Tabela13[[#This Row],[Vaca]],"-") -> - | AK6: =Tabela13[[#This Row],[Categoria]] -> 0 | AP6: =IF(AD6="","",SUM(AD6+295))
A7: Vacas Par. Mês 09 | B7: 45977 | C7: 1214 | E7: Prenha | F7: 3 | J7: Vagalume | K7: 45245 | L7: Raimundo | N7: =IF(B7="","",SUM(B7+295)) -> 46272 | Q7: =IF(Tabela13[[#This Row],[Diagnóstico]]="Não Prenha",Tabela13[[#This Row],[Vaca]],"-") -> - | R7: =IF(Tabela13[[#This Row],[Diagnóstico]]="Não Prenha",Tabela13[[#This Row],[E.C.C DG]],"-") -> - | T7: =IF(Tabela13[[#This Row],[Diagnóstico]]="Não Prenha",Tabela13[[#This Row],[E.C.C. IA]],"-") -> - | U7: =IF(Tabela13[[#This Row],[Diagnóstico]]="Não Prenha",Tabela13[[#This Row],[Raça IA]],"-") -> - | W7: =Tabela13[[#This Row],[Categoria]] -> 0 | AB7: =IF(P7="","",SUM(P7+295)) | AE7: =IF(Tabela1312[[#This Row],[Diagnóstico]]="Não Prenha ",Tabela13[[#This Row],[Vaca]],"-") -> - | AK7: =Tabela13[[#This Row],[Categoria]] -> 0 | AP7: =IF(AD7="","",SUM(AD7+295))
A8: Vacas Par. Mês 09 | B8: 45977 | C8: 1373 | E8: Não Prenha | F8: 2.5 | J8: Vagalume | K8: 45245 | L8: Raimundo | N8: =IF(B8="","",SUM(B8+295)) -> 46272 | P8: 46032 | Q8: =IF(Tabela13[[#This Row],[Diagnóstico]]="Não Prenha",Tabela13[[#This Row],[Vaca]],"-") -> 1373 | R8: =IF(Tabela13[[#This Row],[Diagnóstico]]="Não Prenha",Tabela13[[#This Row],[E.C.C DG]],"-") -> 0 | T8: =IF(Tabela13[[#This Row],[Diagnóstico]]="Não Prenha",Tabela13[[#This Row],[E.C.C. IA]],"-") -> 2.5 | U8: =IF(Tabela13[[#This Row],[Diagnóstico]]="Não Prenha",Tabela13[[#This Row],[Raça IA]],"-") -> 0 | W8: =Tabela13[[#This Row],[Categoria]] -> 0 | X8: VAGALUME | Y8: 45210 | Z8: RAIMUNDO | AB8: =IF(P8="","",SUM(P8+295)) -> 46327 | AE8: =IF(Tabela1312[[#This Row],[Diagnóstico]]="Não Prenha ",Tabela13[[#This Row],[Vaca]],"-") -> - | AK8: =Tabela13[[#This Row],[Categoria]] -> 0 | AP8: =IF(AD8="","",SUM(AD8+295))
A9: Vacas Par. Mês 09 | B9: 45977 | C9: 1470 | E9: Não Prenha | F9: 2.5 | J9: Vagalume | K9: 45245 | L9: Raimundo | N9: =IF(B9="","",SUM(B9+295)) -> 46272 | P9: 46032 | Q9: =IF(Tabela13[[#This Row],[Diagnóstico]]="Não Prenha",Tabela13[[#This Row],[Vaca]],"-") -> 1470 | R9: =IF(Tabela13[[#This Row],[Diagnóstico]]="Não Prenha",Tabela13[[#This Row],[E.C.C DG]],"-") -> 0 | T9: =IF(Tabela13[[#This Row],[Diagnóstico]]="Não Prenha",Tabela13[[#This Row],[E.C.C. IA]],"-") -> 2.5 | U9: =IF(Tabela13[[#This Row],[Diagnóstico]]="Não Prenha",Tabela13[[#This Row],[Raça IA]],"-") -> 0 | W9: =Tabela13[[#This Row],[Categoria]] -> 0 | X9: VAGALUME | Y9: 45210 | Z9: RAIMUNDO | AB9: =IF(P9="","",SUM(P9+295)) -> 46327 | AE9: =IF(Tabela1312[[#This Row],[Diagnóstico]]="Não Prenha ",Tabela13[[#This Row],[Vaca]],"-") -> - | AK9: =Tabela13[[#This Row],[Categoria]] -> 0 | AP9: =IF(AD9="","",SUM(AD9+295))
A10: Vacas Par. Mês 09 | B10: 45977 | C10: 1855 | E10: Prenha | F10: 3 | J10: Vagalume | K10: 45245 | L10: Raimundo | N10: =IF(B10="","",SUM(B10+295)) -> 46272 | Q10: =IF(Tabela13[[#This Row],[Diagnóstico]]="Não Prenha",Tabela13[[#This Row],[Vaca]],"-") -> - | R10: =IF(Tabela13[[#This Row],[Diagnóstico]]="Não Prenha",Tabela13[[#This Row],[E.C.C DG]],"-") -> - | T10: =IF(Tabela13[[#This Row],[Diagnóstico]]="Não Prenha",Tabela13[[#This Row],[E.C.C. IA]],"-") -> - | U10: =IF(Tabela13[[#This Row],[Diagnóstico]]="Não Prenha",Tabela13[[#This Row],[Raça IA]],"-") -> - | W10: =Tabela13[[#This Row],[Categoria]] -> 0 | AB10: =IF(P10="","",SUM(P10+295)) | AE10: =IF(Tabela1312[[#This Row],[Diagnóstico]]="Não Prenha ",Tabela13[[#This Row],[Vaca]],"-") -> - | AK10: =Tabela13[[#This Row],[Categoria]] -> 0 | AP10: =IF(AD10="","",SUM(AD10+295))
A11: Vacas Par. Mês 09 | B11: 45977 | C11: 1886 | E11: Não Prenha | F11: 2.75 | J11: Vagalume | K11: 45245 | L11: Raimundo | N11: =IF(B11="","",SUM(B11+295)) -> 46272 | P11: 46032 | Q11: =IF(Tabela13[[#This Row],[Diagnóstico]]="Não Prenha",Tabela13[[#This Row],[Vaca]],"-") -> 1886 | R11: =IF(Tabela13[[#This Row],[Diagnóstico]]="Não Prenha",Tabela13[[#This Row],[E.C.C DG]],"-") -> 0 | T11: =IF(Tabela13[[#This Row],[Diagnóstico]]="Não Prenha",Tabela13[[#This Row],[E.C.C. IA]],"-") -> 2.75 | U11: =IF(Tabela13[[#This Row],[Diagnóstico]]="Não Prenha",Tabela13[[#This Row],[Raça IA]],"-") -> 0 | W11: =Tabela13[[#This Row],[Categoria]] -> 0 | X11: VAGALUME | Y11: 45210 | Z11: RAIMUNDO | AB11: =IF(P11="","",SUM(P11+295)) -> 46327 | AE11: =IF(Tabela1312[[#This Row],[Diagnóstico]]="Não Prenha ",Tabela13[[#This Row],[Vaca]],"-") -> - | AK11: =Tabela13[[#This Row],[Categoria]] -> 0 | AP11: =IF(AD11="","",SUM(AD11+295))
A12: Vacas Par. Mês 09 | B12: 45977 | C12: 1911 | E12: Não Prenha | F12: 2.25 | J12: Vagalume | K12: 45245 | L12: Raimundo | N12: =IF(B12="","",SUM(B12+295)) -> 46272 | P12: 46032 | Q12: =IF(Tabela13[[#This Row],[Diagnóstico]]="Não Prenha",Tabela13[[#This Row],[Vaca]],"-") -> 1911 | R12: =IF(Tabela13[[#This Row],[Diagnóstico]]="Não Prenha",Tabela13[[#This Row],[E.C.C DG]],"-") -> 0 | T12: =IF(Tabela13[[#This Row],[Diagnóstico]]="Não Prenha",Tabela13[[#This Row],[E.C.C. IA]],"-") -> 2.25 | U12: =IF(Tabela13[[#This Row],[Diagnóstico]]="Não Prenha",Tabela13[[#This Row],[Raça IA]],"-") -> 0 | W12: =Tabela13[[#This Row],[Categoria]] -> 0 | X12: VAGALUME | Y12: 45210 | Z12: RAIMUNDO | AB12: =IF(P12="","",SUM(P12+295)) -> 46327 | AE12: =IF(Tabela1312[[#This Row],[Diagnóstico]]="Não Prenha ",Tabela13[[#This Row],[Vaca]],"-") -> - | AK12: =Tabela13[[#This Row],[Categoria]] -> 0 | AP12: =IF(AD12="","",SUM(AD12+295))
A13: Vacas Par. Mês 09 | B13: 45977 | C13: 1947 | E13: Não Prenha | F13: 2.75 | J13: Vagalume | K13: 45245 | L13: Raimundo | N13: =IF(B13="","",SUM(B13+295)) -> 46272 | P13: 46032 | Q13: =IF(Tabela13[[#This Row],[Diagnóstico]]="Não Prenha",Tabela13[[#This Row],[Vaca]],"-") -> 1947 | R13: =IF(Tabela13[[#This Row],[Diagnóstico]]="Não Prenha",Tabela13[[#This Row],[E.C.C DG]],"-") -> 0 | T13: =IF(Tabela13[[#This Row],[Diagnóstico]]="Não Prenha",Tabela13[[#This Row],[E.C.C. IA]],"-") -> 2.75 | U13: =IF(Tabela13[[#This Row],[Diagnóstico]]="Não Prenha",Tabela13[[#This Row],[Raça IA]],"-") -> 0 | W13: =Tabela13[[#This Row],[Categoria]] -> 0 | X13: VAGALUME | Y13: 45210 | Z13: RAIMUNDO | AB13: =IF(P13="","",SUM(P13+295)) -> 46327 | AE13: =IF(Tabela1312[[#This Row],[Diagnóstico]]="Não Prenha ",Tabela13[[#This Row],[Vaca]],"-") -> - | AK13: =Tabela13[[#This Row],[Categoria]] -> 0 | AP13: =IF(AD13="","",SUM(AD13+295))
A14: Vacas Par. Mês 09 | B14: 45977 | C14: 1978 | E14: Não Prenha | F14: 2.5 | G14: SM | J14: Guapo | K14: 40232 | L14: Raimundo | N14: =IF(B14="","",SUM(B14+295)) -> 46272 | P14: 46032 | Q14: =IF(Tabela13[[#This Row],[Diagnóstico]]="Não Prenha",Tabela13[[#This Row],[Vaca]],"-") -> 1978 | R14: =IF(Tabela13[[#This Row],[Diagnóstico]]="Não Prenha",Tabela13[[#This Row],[E.C.C DG]],"-") -> 0 | T14: =IF(Tabela13[[#This Row],[Diagnóstico]]="Não Prenha",Tabela13[[#This Row],[E.C.C. IA]],"-") -> 2.5 | U14: =IF(Tabela13[[#This Row],[Diagnóstico]]="Não Prenha",Tabela13[[#This Row],[Raça IA]],"-") -> SM | W14: =Tabela13[[#This Row],[Categoria]] -> 0 | X14: GUAPO | Y14: 40232 | Z14: RAIMUNDO | AB14: =IF(P14="","",SUM(P14+295)) -> 46327 | AE14: =IF(Tabela1312[[#This Row],[Diagnóstico]]="Não Prenha ",Tabela13[[#This Row],[Vaca]],"-") -> - | AK14: =Tabela13[[#This Row],[Categoria]] -> 0 | AP14: =IF(AD14="","",SUM(AD14+295))
A15: Vacas Par. Mês 09 | B15: 45977 | C15: 2069 | E15: Não Prenha | F15: 2.75 | J15: Vagalume | K15: 45245 | L15: Raimundo | N15: =IF(B15="","",SUM(B15+295)) -> 46272 | P15: 46032 | Q15: =IF(Tabela13[[#This Row],[Diagnóstico]]="Não Prenha",Tabela13[[#This Row],[Vaca]],"-") -> 2069 | R15: =IF(Tabela13[[#This Row],[Diagnóstico]]="Não Prenha",Tabela13[[#This Row],[E.C.C DG]],"-") -> 0 | T15: =IF(Tabela13[[#This Row],[Diagnóstico]]="Não Prenha",Tabela13[[#This Row],[E.C.C. IA]],"-") -> 2.75 | U15: =IF(Tabela13[[#This Row],[Diagnóstico]]="Não Prenha",Tabela13[[#This Row],[Raça IA]],"-") -> 0 | W15: =Tabela13[[#This Row],[Categoria]] -> 0 | X15: VAGALUME | Y15: 45210 | Z15: RAIMUNDO | AB15: =IF(P15="","",SUM(P15+295)) -> 46327 | AE15: =IF(Tabela1312[[#This Row],[Diagnóstico]]="Não Prenha ",Tabela13[[#This Row],[Vaca]],"-") -> - | AK15: =Tabela13[[#This Row],[Categoria]] -> 0 | AP15: =IF(AD15="","",SUM(AD15+295))
A16: Vacas Par. Mês 09 | B16: 45977 | C16: 2139 | E16: Não Prenha | F16: 2.75 | G16: SM | J16: Guapo | K16: 40232 | L16: Raimundo | N16: =IF(B16="","",SUM(B16+295)) -> 46272 | P16: 46032 | Q16: =IF(Tabela13[[#This Row],[Diagnóstico]]="Não Prenha",Tabela13[[#This Row],[Vaca]],"-") -> 2139 | R16: =IF(Tabela13[[#This Row],[Diagnóstico]]="Não Prenha",Tabela13[[#This Row],[E.C.C DG]],"-") -> 0 | T16: =IF(Tabela13[[#This Row],[Diagnóstico]]="Não Prenha",Tabela13[[#This Row],[E.C.C. IA]],"-") -> 2.75 | U16: =IF(Tabela13[[#This Row],[Diagnóstico]]="Não Prenha",Tabela13[[#This Row],[Raça IA]],"-") -> SM | W16: =Tabela13[[#This Row],[Categoria]] -> 0 | X16: GUAPO | Y16: 40232 | Z16: RAIMUNDO | AB16: =IF(P16="","",SUM(P16+295)) -> 46327 | AE16: =IF(Tabela1312[[#This Row],[Diagnóstico]]="Não Prenha ",Tabela13[[#This Row],[Vaca]],"-") -> - | AK16: =Tabela13[[#This Row],[Categoria]] -> 0 | AP16: =IF(AD16="","",SUM(AD16+295))
A17: Vacas Par. Mês 09 | B17: 45977 | C17: 2177 | E17: Não Prenha | F17: 2.25 | J17: Vagalume | K17: 45245 | L17: Raimundo | N17: =IF(B17="","",SUM(B17+295)) -> 46272 | P17: 46032 | Q17: =IF(Tabela13[[#This Row],[Diagnóstico]]="Não Prenha",Tabela13[[#This Row],[Vaca]],"-") -> 2177 | R17: =IF(Tabela13[[#This Row],[Diagnóstico]]="Não Prenha",Tabela13[[#This Row],[E.C.C DG]],"-") -> 0 | T17: =IF(Tabela13[[#This Row],[Diagnóstico]]="Não Prenha",Tabela13[[#This Row],[E.C.C. IA]],"-") -> 2.25 | U17: =IF(Tabela13[[#This Row],[Diagnóstico]]="Não Prenha",Tabela13[[#This Row],[Raça IA]],"-") -> 0 | W17: =Tabela13[[#This Row],[Categoria]] -> 0 | X17: VAGALUME | Y17: 45210 | Z17: RAIMUNDO | AB17: =IF(P17="","",SUM(P17+295)) -> 46327 | AE17: =IF(Tabela1312[[#This Row],[Diagnóstico]]="Não Prenha ",Tabela13[[#This Row],[Vaca]],"-") -> - | AK17: =Tabela13[[#This Row],[Categoria]] -> 0 | AP17: =IF(AD17="","",SUM(AD17+295))
A18: Vacas Par. Mês 09 | B18: 45977 | C18: 2244 | E18: Prenha | F18: 2.75 | J18: Vagalume | K18: 45245 | L18: Raimundo | N18: =IF(B18="","",SUM(B18+295)) -> 46272 | Q18: =IF(Tabela13[[#This Row],[Diagnóstico]]="Não Prenha",Tabela13[[#This Row],[Vaca]],"-") -> - | R18: =IF(Tabela13[[#This Row],[Diagnóstico]]="Não Prenha",Tabela13[[#This Row],[E.C.C DG]],"-") -> - | T18: =IF(Tabela13[[#This Row],[Diagnóstico]]="Não Prenha",Tabela13[[#This Row],[E.C.C. IA]],"-") -> - | U18: =IF(Tabela13[[#This Row],[Diagnóstico]]="Não Prenha",Tabela13[[#This Row],[Raça IA]],"-") -> - | W18: =Tabela13[[#This Row],[Categoria]] -> 0 | AB18: =IF(P18="","",SUM(P18+295)) | AE18: =IF(Tabela1312[[#This Row],[Diagnóstico]]="Não Prenha ",Tabela13[[#This Row],[Vaca]],"-") -> - | AK18: =Tabela13[[#This Row],[Categoria]] -> 0 | AP18: =IF(AD18="","",SUM(AD18+295))
A19: Vacas Par. Mês 09 | B19: 45977 | C19: 2246 | E19: Não Prenha | F19: 2.25 | J19: Vagalume | K19: 45245 | L19: Raimundo | N19: =IF(B19="","",SUM(B19+295)) -> 46272 | P19: 46032 | Q19: =IF(Tabela13[[#This Row],[Diagnóstico]]="Não Prenha",Tabela13[[#This Row],[Vaca]],"-") -> 2246 | R19: =IF(Tabela13[[#This Row],[Diagnóstico]]="Não Prenha",Tabela13[[#This Row],[E.C.C DG]],"-") -> 0 | T19: =IF(Tabela13[[#This Row],[Diagnóstico]]="Não Prenha",Tabela13[[#This Row],[E.C.C. IA]],"-") -> 2.25 | U19: =IF(Tabela13[[#This Row],[Diagnóstico]]="Não Prenha",Tabela13[[#This Row],[Raça IA]],"-") -> 0 | W19: =Tabela13[[#This Row],[Categoria]] -> 0 | X19: VAGALUME | Y19: 45210 | Z19: RAIMUNDO | AB19: =IF(P19="","",SUM(P19+295)) -> 46327 | AE19: =IF(Tabela1312[[#This Row],[Diagnóstico]]="Não Prenha ",Tabela13[[#This Row],[Vaca]],"-") -> - | AK19: =Tabela13[[#This Row],[Categoria]] -> 0 | AP19: =IF(AD19="","",SUM(AD19+295))
A20: Vacas Par. Mês 09 | B20: 45977 | C20: 2255 | E20: Prenha | F20: 2.75 | G20: SM | J20: Guapo | K20: 40232 | L20: Raimundo | N20: =IF(B20="","",SUM(B20+295)) -> 46272 | Q20: =IF(Tabela13[[#This Row],[Diagnóstico]]="Não Prenha",Tabela13[[#This Row],[Vaca]],"-") -> - | R20: =IF(Tabela13[[#This Row],[Diagnóstico]]="Não Prenha",Tabela13[[#This Row],[E.C.C DG]],"-") -> - | T20: =IF(Tabela13[[#This Row],[Diagnóstico]]="Não Prenha",Tabela13[[#This Row],[E.C.C. IA]],"-") -> - | U20: =IF(Tabela13[[#This Row],[Diagnóstico]]="Não Prenha",Tabela13[[#This Row],[Raça IA]],"-") -> - | W20: =Tabela13[[#This Row],[Categoria]] -> 0 | AB20: =IF(P20="","",SUM(P20+295)) | AE20: =IF(Tabela1312[[#This Row],[Diagnóstico]]="Não Prenha ",Tabela13[[#This Row],[Vaca]],"-") -> - | AK20: =Tabela13[[#This Row],[Categoria]] -> 0 | AP20: =IF(AD20="","",SUM(AD20+295))
A21: Vacas Par. Mês 09 | B21: 45977 | C21: 2557 | E21: Prenha | F21: 2.75 | G21: SM | J21: Guapo | K21: 40232 | L21: Raimundo | N21: =IF(B21="","",SUM(B21+295)) -> 46272 | Q21: =IF(Tabela13[[#This Row],[Diagnóstico]]="Não Prenha",Tabela13[[#This Row],[Vaca]],"-") -> - | R21: =IF(Tabela13[[#This Row],[Diagnóstico]]="Não Prenha",Tabela13[[#This Row],[E.C.C DG]],"-") -> - | T21: =IF(Tabela13[[#This Row],[Diagnóstico]]="Não Prenha",Tabela13[[#This Row],[E.C.C. IA]],"-") -> - | U21: =IF(Tabela13[[#This Row],[Diagnóstico]]="Não Prenha",Tabela13[[#This Row],[Raça IA]],"-") -> - | W21: =Tabela13[[#This Row],[Categoria]] -> 0 | AB21: =IF(P21="","",SUM(P21+295)) | AE21: =IF(Tabela1312[[#This Row],[Diagnóstico]]="Não Prenha ",Tabela13[[#This Row],[Vaca]],"-") -> - | AK21: =Tabela13[[#This Row],[Categoria]] -> 0 | AP21: =IF(AD21="","",SUM(AD21+295))
A22: Vacas Par. Mês 09 | B22: 45977 | C22: 2564 | E22: Não Prenha | F22: 2.75 | G22: SM | J22: Guapo | K22: 40232 | L22: Raimundo | N22: =IF(B22="","",SUM(B22+295)) -> 46272 | P22: 46032 | Q22: =IF(Tabela13[[#This Row],[Diagnóstico]]="Não Prenha",Tabela13[[#This Row],[Vaca]],"-") -> 2564 | R22: =IF(Tabela13[[#This Row],[Diagnóstico]]="Não Prenha",Tabela13[[#This Row],[E.C.C DG]],"-") -> 0 | T22: =IF(Tabela13[[#This Row],[Diagnóstico]]="Não Prenha",Tabela13[[#This Row],[E.C.C. IA]],"-") -> 2.75 | U22: =IF(Tabela13[[#This Row],[Diagnóstico]]="Não Prenha",Tabela13[[#This Row],[Raça IA]],"-") -> SM | W22: =Tabela13[[#This Row],[Categoria]] -> 0 | X22: GUAPO | Y22: 40232 | Z22: RAIMUNDO | AB22: =IF(P22="","",SUM(P22+295)) -> 46327 | AE22: =IF(Tabela1312[[#This Row],[Diagnóstico]]="Não Prenha ",Tabela13[[#This Row],[Vaca]],"-") -> - | AK22: =Tabela13[[#This Row],[Categoria]] -> 0 | AP22: =IF(AD22="","",SUM(AD22+295))
A23: Vacas Par. Mês 09 | B23: 45977 | C23: 2606 | E23: Não Prenha | F23: 2.25 | G23: SM | J23: Guapo | K23: 40232 | L23: Raimundo | N23: =IF(B23="","",SUM(B23+295)) -> 46272 | P23: 46032 | Q23: =IF(Tabela13[[#This Row],[Diagnóstico]]="Não Prenha",Tabela13[[#This Row],[Vaca]],"-") -> 2606 | R23: =IF(Tabela13[[#This Row],[Diagnóstico]]="Não Prenha",Tabela13[[#This Row],[E.C.C DG]],"-") -> 0 | T23: =IF(Tabela13[[#This Row],[Diagnóstico]]="Não Prenha",Tabela13[[#This Row],[E.C.C. IA]],"-") -> 2.25 | U23: =IF(Tabela13[[#This Row],[Diagnóstico]]="Não Prenha",Tabela13[[#This Row],[Raça IA]],"-") -> SM | W23: =Tabela13[[#This Row],[Categoria]] -> 0 | X23: GUAPO | Y23: 40232 | Z23: RAIMUNDO | AB23: =IF(P23="","",SUM(P23+295)) -> 46327 | AE23: =IF(Tabela1312[[#This Row],[Diagnóstico]]="Não Prenha ",Tabela13[[#This Row],[Vaca]],"-") -> - | AK23: =Tabela13[[#This Row],[Categoria]] -> 0 | AP23: =IF(AD23="","",SUM(AD23+295))
A24: Vacas Par. Mês 09 | B24: 45977 | C24: 2681 | N24: =IF(B24="","",SUM(B24+295)) -> 46272 | Q24: =IF(Tabela13[[#This Row],[Diagnóstico]]="Não Prenha",Tabela13[[#This Row],[Vaca]],"-") -> - | R24: =IF(Tabela13[[#This Row],[Diagnóstico]]="Não Prenha",Tabela13[[#This Row],[E.C.C DG]],"-") -> - | T24: =IF(Tabela13[[#This Row],[Diagnóstico]]="Não Prenha",Tabela13[[#This Row],[E.C.C. IA]],"-") -> - | U24: =IF(Tabela13[[#This Row],[Diagnóstico]]="Não Prenha",Tabela13[[#This Row],[Raça IA]],"-") -> - | W24: =Tabela13[[#This Row],[Categoria]] -> 0 | AB24: =IF(P24="","",SUM(P24+295)) | AE24: =IF(Tabela1312[[#This Row],[Diagnóstico]]="Não Prenha ",Tabela13[[#This Row],[Vaca]],"-") -> - | AK24: =Tabela13[[#This Row],[Categoria]] -> 0 | AP24: =IF(AD24="","",SUM(AD24+295))
A25: Vacas Par. Mês 09 | B25: 45977 | C25: 3100 | E25: Não Prenha | F25: 2.5 | G25: SM | J25: Guapo | K25: 40232 | L25: Raimundo | N25: =IF(B25="","",SUM(B25+295)) -> 46272 | P25: 46032 | Q25: =IF(Tabela13[[#This Row],[Diagnóstico]]="Não Prenha",Tabela13[[#This Row],[Vaca]],"-") -> 3100 | R25: =IF(Tabela13[[#This Row],[Diagnóstico]]="Não Prenha",Tabela13[[#This Row],[E.C.C DG]],"-") -> 0 | T25: =IF(Tabela13[[#This Row],[Diagnóstico]]="Não Prenha",Tabela13[[#This Row],[E.C.C. IA]],"-") -> 2.5 | U25: =IF(Tabela13[[#This Row],[Diagnóstico]]="Não Prenha",Tabela13[[#This Row],[Raça IA]],"-") -> SM | W25: =Tabela13[[#This Row],[Categoria]] -> 0 | X25: GUAPO | Y25: 40232 | AB25: =IF(P25="","",SUM(P25+295)) -> 46327 | AE25: =IF(Tabela1312[[#This Row],[Diagnóstico]]="Não Prenha ",Tabela13[[#This Row],[Vaca]],"-") -> - | AK25: =Tabela13[[#This Row],[Categoria]] -> 0 | AP25: =IF(AD25="","",SUM(AD25+295))
A26: Vacas Par. Mês 09 | B26: 45977 | C26: 3112 | E26: Não Prenha | F26: 3 | G26: SM | J26: Guapo | K26: 40232 | L26: Raimundo | N26: =IF(B26="","",SUM(B26+295)) -> 46272 | P26: 46032 | Q26: =IF(Tabela13[[#This Row],[Diagnóstico]]="Não Prenha",Tabela13[[#This Row],[Vaca]],"-") -> 3112 | R26: =IF(Tabela13[[#This Row],[Diagnóstico]]="Não Prenha",Tabela13[[#This Row],[E.C.C DG]],"-") -> 0 | T26: =IF(Tabela13[[#This Row],[Diagnóstico]]="Não Prenha",Tabela13[[#This Row],[E.C.C. IA]],"-") -> 3 | U26: =IF(Tabela13[[#This Row],[Diagnóstico]]="Não Prenha",Tabela13[[#This Row],[Raça IA]],"-") -> SM | W26: =Tabela13[[#This Row],[Categoria]] -> 0 | X26: GUAPO | Y26: 40232 | AB26: =IF(P26="","",SUM(P26+295)) -> 46327 | AE26: =IF(Tabela1312[[#This Row],[Diagnóstico]]="Não Prenha ",Tabela13[[#This Row],[Vaca]],"-") -> - | AK26: =Tabela13[[#This Row],[Categoria]] -> 0 | AP26: =IF(AD26="","",SUM(AD26+295))
A27: Vacas Par. Mês 09 | B27: 45977 | C27: 4151 | E27: Não Prenha | F27: 2.5 | G27: SM | J27: Guapo | K27: 40232 | L27: Raimundo | N27: =IF(B27="","",SUM(B27+295)) -> 46272 | P27: 46032 | Q27: =IF(Tabela13[[#This Row],[Diagnóstico]]="Não Prenha",Tabela13[[#This Row],[Vaca]],"-") -> 4151 | R27: =IF(Tabela13[[#This Row],[Diagnóstico]]="Não Prenha",Tabela13[[#This Row],[E.C.C DG]],"-") -> 0 | T27: =IF(Tabela13[[#This Row],[Diagnóstico]]="Não Prenha",Tabela13[[#This Row],[E.C.C. IA]],"-") -> 2.5 | U27: =IF(Tabela13[[#This Row],[Diagnóstico]]="Não Prenha",Tabela13[[#This Row],[Raça IA]],"-") -> SM | W27: =Tabela13[[#This Row],[Categoria]] -> 0 | X27: GUAPO | Y27: 40232 | AB27: =IF(P27="","",SUM(P27+295)) -> 46327 | AE27: =IF(Tabela1312[[#This Row],[Diagnóstico]]="Não Prenha ",Tabela13[[#This Row],[Vaca]],"-") -> - | AK27: =Tabela13[[#This Row],[Categoria]] -> 0 | AP27: =IF(AD27="","",SUM(AD27+295))
A28: Vacas Par. Mês 09 | B28: 45977 | C28: 4157 | N28: =IF(B28="","",SUM(B28+295)) -> 46272 | Q28: =IF(Tabela13[[#This Row],[Diagnóstico]]="Não Prenha",Tabela13[[#This Row],[Vaca]],"-") -> - | R28: =IF(Tabela13[[#This Row],[Diagnóstico]]="Não Prenha",Tabela13[[#This Row],[E.C.C DG]],"-") -> - | T28: =IF(Tabela13[[#This Row],[Diagnóstico]]="Não Prenha",Tabela13[[#This Row],[E.C.C. IA]],"-") -> - | U28: =IF(Tabela13[[#This Row],[Diagnóstico]]="Não Prenha",Tabela13[[#This Row],[Raça IA]],"-") -> - | W28: =Tabela13[[#This Row],[Categoria]] -> 0 | AB28: =IF(P28="","",SUM(P28+295)) | AE28: =IF(Tabela1312[[#This Row],[Diagnóstico]]="Não Prenha ",Tabela13[[#This Row],[Vaca]],"-") -> - | AK28: =Tabela13[[#This Row],[Categoria]] -> 0 | AP28: =IF(AD28="","",SUM(AD28+295))
A29: Vacas Par. Mês 09 | B29: 45977 | C29: S/N | E29: Não Prenha | F29: 2.75 | J29: Vagalume | K29: 45245 | L29: Raimundo | N29: =IF(B29="","",SUM(B29+295)) -> 46272 | P29: 46032 | Q29: =IF(Tabela13[[#This Row],[Diagnóstico]]="Não Prenha",Tabela13[[#This Row],[Vaca]],"-") -> S/N | R29: =IF(Tabela13[[#This Row],[Diagnóstico]]="Não Prenha",Tabela13[[#This Row],[E.C.C DG]],"-") -> 0 | T29: =IF(Tabela13[[#This Row],[Diagnóstico]]="Não Prenha",Tabela13[[#This Row],[E.C.C. IA]],"-") -> 2.75 | U29: =IF(Tabela13[[#This Row],[Diagnóstico]]="Não Prenha",Tabela13[[#This Row],[Raça IA]],"-") -> 0 | W29: =Tabela13[[#This Row],[Categoria]] -> 0 | X29: VAGALUME | Y29: 45210 | AB29: =IF(P29="","",SUM(P29+295)) -> 46327 | AE29: =IF(Tabela1312[[#This Row],[Diagnóstico]]="Não Prenha ",Tabela13[[#This Row],[Vaca]],"-") -> - | AK29: =Tabela13[[#This Row],[Categoria]] -> 0 | AP29: =IF(AD29="","",SUM(AD29+295))
A30: Vacas Par. Mês 09 | B30: 45977 | C30: S/N | N30: =IF(B30="","",SUM(B30+295)) -> 46272 | Q30: =IF(Tabela13[[#This Row],[Diagnóstico]]="Não Prenha",Tabela13[[#This Row],[Vaca]],"-") -> - | R30: =IF(Tabela13[[#This Row],[Diagnóstico]]="Não Prenha",Tabela13[[#This Row],[E.C.C DG]],"-") -> - | T30: =IF(Tabela13[[#This Row],[Diagnóstico]]="Não Prenha",Tabela13[[#This Row],[E.C.C. IA]],"-") -> - | U30: =IF(Tabela13[[#This Row],[Diagnóstico]]="Não Prenha",Tabela13[[#This Row],[Raça IA]],"-") -> - | W30: =Tabela13[[#This Row],[Categoria]] -> 0 | AB30: =IF(P30="","",SUM(P30+295)) | AE30: =IF(Tabela1312[[#This Row],[Diagnóstico]]="Não Prenha ",Tabela13[[#This Row],[Vaca]],"-") -> - | AK30: =Tabela13[[#This Row],[Categoria]] -> 0 | AP30: =IF(AD30="","",SUM(AD30+295))
C31: 159 | E31: Não Prenha | F31: 2.25 | J31: Vagalume | K31: 45245 | L31: Raimundo | N31: =IF(B31="","",SUM(B31+295)) | P31: 46032 | Q31: =IF(Tabela13[[#This Row],[Diagnóstico]]="Não Prenha",Tabela13[[#This Row],[Vaca]],"-") -> 159 | R31: =IF(Tabela13[[#This Row],[Diagnóstico]]="Não Prenha",Tabela13[[#This Row],[E.C.C DG]],"-") -> 0 | T31: =IF(Tabela13[[#This Row],[Diagnóstico]]="Não Prenha",Tabela13[[#This Row],[E.C.C. IA]],"-") -> 2.25 | U31: =IF(Tabela13[[#This Row],[Diagnóstico]]="Não Prenha",Tabela13[[#This Row],[Raça IA]],"-") -> 0 | W31: =Tabela13[[#This Row],[Categoria]] -> 0 | X31: VAGALUME | Y31: 45210 | AB31: =IF(P31="","",SUM(P31+295)) -> 46327 | AE31: =IF(Tabela1312[[#This Row],[Diagnóstico]]="Não Prenha ",Tabela13[[#This Row],[Vaca]],"-") -> - | AK31: =Tabela13[[#This Row],[Categoria]] -> 0 | AP31: =IF(AD31="","",SUM(AD31+295))
C32: 4150 | E32: Não Prenha | F32: 2 | G32: SM | J32: Guapo | K32: 40232 | L32: Raimundo | N32: =IF(B32="","",SUM(B32+295)) | P32: 46032 | Q32: =IF(Tabela13[[#This Row],[Diagnóstico]]="Não Prenha",Tabela13[[#This Row],[Vaca]],"-") -> 4150 | R32: =IF(Tabela13[[#This Row],[Diagnóstico]]="Não Prenha",Tabela13[[#This Row],[E.C.C DG]],"-") -> 0 | T32: =IF(Tabela13[[#This Row],[Diagnóstico]]="Não Prenha",Tabela13[[#This Row],[E.C.C. IA]],"-") -> 2 | U32: =IF(Tabela13[[#This Row],[Diagnóstico]]="Não Prenha",Tabela13[[#This Row],[Raça IA]],"-") -> SM | W32: =Tabela13[[#This Row],[Categoria]] -> 0 | X32: GUAPO | Y32: 40232 | AB32: =IF(P32="","",SUM(P32+295)) -> 46327 | AE32: =IF(Tabela1312[[#This Row],[Diagnóstico]]="Não Prenha ",Tabela13[[#This Row],[Vaca]],"-") -> - | AK32: =Tabela13[[#This Row],[Categoria]] -> 0 | AP32: =IF(AD32="","",SUM(AD32+295))
C33: 2591 | E33: Não Prenha | F33: 3 | G33: SM | J33: Guapo | K33: 40232 | L33: Raimundo | N33: =IF(B33="","",SUM(B33+295)) | P33: 46032 | Q33: =IF(Tabela13[[#This Row],[Diagnóstico]]="Não Prenha",Tabela13[[#This Row],[Vaca]],"-") -> 2591 | R33: =IF(Tabela13[[#This Row],[Diagnóstico]]="Não Prenha",Tabela13[[#This Row],[E.C.C DG]],"-") -> 0 | T33: =IF(Tabela13[[#This Row],[Diagnóstico]]="Não Prenha",Tabela13[[#This Row],[E.C.C. IA]],"-") -> 3 | U33: =IF(Tabela13[[#This Row],[Diagnóstico]]="Não Prenha",Tabela13[[#This Row],[Raça IA]],"-") -> SM | W33: =Tabela13[[#This Row],[Categoria]] -> 0 | X33: GUAPO | Y33: 40232 | AB33: =IF(P33="","",SUM(P33+295)) -> 46327 | AE33: =IF(Tabela1312[[#This Row],[Diagnóstico]]="Não Prenha ",Tabela13[[#This Row],[Vaca]],"-") -> - | AK33: =Tabela13[[#This Row],[Categoria]] -> 0 | AP33: =IF(AD33="","",SUM(AD33+295))
N34: =IF(B34="","",SUM(B34+295)) | Q34: =IF(Tabela13[[#This Row],[Diagnóstico]]="Não Prenha",Tabela13[[#This Row],[Vaca]],"-") -> - | R34: =IF(Tabela13[[#This Row],[Diagnóstico]]="Não Prenha",Tabela13[[#This Row],[E.C.C DG]],"-") -> - | T34: =IF(Tabela13[[#This Row],[Diagnóstico]]="Não Prenha",Tabela13[[#This Row],[E.C.C. IA]],"-") -> - | U34: =IF(Tabela13[[#This Row],[Diagnóstico]]="Não Prenha",Tabela13[[#This Row],[Raça IA]],"-") -> - | W34: =Tabela13[[#This Row],[Categoria]] -> 0 | AB34: =IF(P34="","",SUM(P34+295)) | AE34: =IF(Tabela1312[[#This Row],[Diagnóstico]]="Não Prenha ",Tabela13[[#This Row],[Vaca]],"-") -> - | AK34: =Tabela13[[#This Row],[Categoria]] -> 0 | AP34: =IF(AD34="","",SUM(AD34+295))
N35: =IF(B35="","",SUM(B35+295)) | Q35: =IF(Tabela13[[#This Row],[Diagnóstico]]="Não Prenha",Tabela13[[#This Row],[Vaca]],"-") -> - | R35: =IF(Tabela13[[#This Row],[Diagnóstico]]="Não Prenha",Tabela13[[#This Row],[E.C.C DG]],"-") -> - | T35: =IF(Tabela13[[#This Row],[Diagnóstico]]="Não Prenha",Tabela13[[#This Row],[E.C.C. IA]],"-") -> - | U35: =IF(Tabela13[[#This Row],[Diagnóstico]]="Não Prenha",Tabela13[[#This Row],[Raça IA]],"-") -> - | W35: =Tabela13[[#This Row],[Categoria]] -> 0 | AB35: =IF(P35="","",SUM(P35+295)) | AE35: =IF(Tabela1312[[#This Row],[Diagnóstico]]="Não Prenha ",Tabela13[[#This Row],[Vaca]],"-") -> - | AK35: =Tabela13[[#This Row],[Categoria]] -> 0 | AP35: =IF(AD35="","",SUM(AD35+295))
N36: =IF(B36="","",SUM(B36+295)) | Q36: =IF(Tabela13[[#This Row],[Diagnóstico]]="Não Prenha",Tabela13[[#This Row],[Vaca]],"-") -> - | R36: =IF(Tabela13[[#This Row],[Diagnóstico]]="Não Prenha",Tabela13[[#This Row],[E.C.C DG]],"-") -> - | T36: =IF(Tabela13[[#This Row],[Diagnóstico]]="Não Prenha",Tabela13[[#This Row],[E.C.C. IA]],"-") -> - | U36: =IF(Tabela13[[#This Row],[Diagnóstico]]="Não Prenha",Tabela13[[#This Row],[Raça IA]],"-") -> - | W36: =Tabela13[[#This Row],[Categoria]] -> 0 | AB36: =IF(P36="","",SUM(P36+295)) | AE36: =IF(Tabela1312[[#This Row],[Diagnóstico]]="Não Prenha ",Tabela13[[#This Row],[Vaca]],"-") -> - | AK36: =Tabela13[[#This Row],[Categoria]] -> 0 | AP36: =IF(AD36="","",SUM(AD36+295))
N37: =IF(B37="","",SUM(B37+295)) | Q37: =IF(Tabela13[[#This Row],[Diagnóstico]]="Não Prenha",Tabela13[[#This Row],[Vaca]],"-") -> - | R37: =IF(Tabela13[[#This Row],[Diagnóstico]]="Não Prenha",Tabela13[[#This Row],[E.C.C DG]],"-") -> - | T37: =IF(Tabela13[[#This Row],[Diagnóstico]]="Não Prenha",Tabela13[[#This Row],[E.C.C. IA]],"-") -> - | U37: =IF(Tabela13[[#This Row],[Diagnóstico]]="Não Prenha",Tabela13[[#This Row],[Raça IA]],"-") -> - | W37: =Tabela13[[#This Row],[Categoria]] -> 0 | AB37: =IF(P37="","",SUM(P37+295)) | AE37: =IF(Tabela1312[[#This Row],[Diagnóstico]]="Não Prenha ",Tabela13[[#This Row],[Vaca]],"-") -> - | AK37: =Tabela13[[#This Row],[Categoria]] -> 0 | AP37: =IF(AD37="","",SUM(AD37+295))
N38: =IF(B38="","",SUM(B38+295)) | Q38: =IF(Tabela13[[#This Row],[Diagnóstico]]="Não Prenha",Tabela13[[#This Row],[Vaca]],"-") -> - | R38: =IF(Tabela13[[#This Row],[Diagnóstico]]="Não Prenha",Tabela13[[#This Row],[E.C.C DG]],"-") -> - | T38: =IF(Tabela13[[#This Row],[Diagnóstico]]="Não Prenha",Tabela13[[#This Row],[E.C.C. IA]],"-") -> - | U38: =IF(Tabela13[[#This Row],[Diagnóstico]]="Não Prenha",Tabela13[[#This Row],[Raça IA]],"-") -> - | W38: =Tabela13[[#This Row],[Categoria]] -> 0 | AB38: =IF(P38="","",SUM(P38+295)) | AE38: =IF(Tabela1312[[#This Row],[Diagnóstico]]="Não Prenha ",Tabela13[[#This Row],[Vaca]],"-") -> - | AK38: =Tabela13[[#This Row],[Categoria]] -> 0 | AP38: =IF(AD38="","",SUM(AD38+295))
N39: =IF(B39="","",SUM(B39+295)) | Q39: =IF(Tabela13[[#This Row],[Diagnóstico]]="Não Prenha",Tabela13[[#This Row],[Vaca]],"-") -> - | R39: =IF(Tabela13[[#This Row],[Diagnóstico]]="Não Prenha",Tabela13[[#This Row],[E.C.C DG]],"-") -> - | T39: =IF(Tabela13[[#This Row],[Diagnóstico]]="Não Prenha",Tabela13[[#This Row],[E.C.C. IA]],"-") -> - | U39: =IF(Tabela13[[#This Row],[Diagnóstico]]="Não Prenha",Tabela13[[#This Row],[Raça IA]],"-") -> - | W39: =Tabela13[[#This Row],[Categoria]] -> 0 | AB39: =IF(P39="","",SUM(P39+295)) | AE39: =IF(Tabela1312[[#This Row],[Diagnóstico]]="Não Prenha ",Tabela13[[#This Row],[Vaca]],"-") -> - | AK39: =Tabela13[[#This Row],[Categoria]] -> 0 | AP39: =IF(AD39="","",SUM(AD39+295))
N40: =IF(B40="","",SUM(B40+295)) | Q40: =IF(Tabela13[[#This Row],[Diagnóstico]]="Não Prenha",Tabela13[[#This Row],[Vaca]],"-") -> - | R40: =IF(Tabela13[[#This Row],[Diagnóstico]]="Não Prenha",Tabela13[[#This Row],[E.C.C DG]],"-") -> - | T40: =IF(Tabela13[[#This Row],[Diagnóstico]]="Não Prenha",Tabela13[[#This Row],[E.C.C. IA]],"-") -> - | U40: =IF(Tabela13[[#This Row],[Diagnóstico]]="Não Prenha",Tabela13[[#This Row],[Raça IA]],"-") -> - | W40: =Tabela13[[#This Row],[Categoria]] -> 0 | AB40: =IF(P40="","",SUM(P40+295)) | AE40: =IF(Tabela1312[[#This Row],[Diagnóstico]]="Não Prenha ",Tabela13[[#This Row],[Vaca]],"-") -> - | AK40: =Tabela13[[#This Row],[Categoria]] -> 0 | AP40: =IF(AD40="","",SUM(AD40+295))
N41: =IF(B41="","",SUM(B41+295)) | Q41: =IF(Tabela13[[#This Row],[Diagnóstico]]="Não Prenha",Tabela13[[#This Row],[Vaca]],"-") -> - | R41: =IF(Tabela13[[#This Row],[Diagnóstico]]="Não Prenha",Tabela13[[#This Row],[E.C.C DG]],"-") -> - | T41: =IF(Tabela13[[#This Row],[Diagnóstico]]="Não Prenha",Tabela13[[#This Row],[E.C.C. IA]],"-") -> - | U41: =IF(Tabela13[[#This Row],[Diagnóstico]]="Não Prenha",Tabela13[[#This Row],[Raça IA]],"-") -> - | W41: =Tabela13[[#This Row],[Categoria]] -> 0 | AB41: =IF(P41="","",SUM(P41+295)) | AE41: =IF(Tabela1312[[#This Row],[Diagnóstico]]="Não Prenha ",Tabela13[[#This Row],[Vaca]],"-") -> - | AK41: =Tabela13[[#This Row],[Categoria]] -> 0 | AP41: =IF(AD41="","",SUM(AD41+295))
N42: =IF(B42="","",SUM(B42+295)) | Q42: =IF(Tabela13[[#This Row],[Diagnóstico]]="Não Prenha",Tabela13[[#This Row],[Vaca]],"-") -> - | R42: =IF(Tabela13[[#This Row],[Diagnóstico]]="Não Prenha",Tabela13[[#This Row],[E.C.C DG]],"-") -> - | T42: =IF(Tabela13[[#This Row],[Diagnóstico]]="Não Prenha",Tabela13[[#This Row],[E.C.C. IA]],"-") -> - | U42: =IF(Tabela13[[#This Row],[Diagnóstico]]="Não Prenha",Tabela13[[#This Row],[Raça IA]],"-") -> - | W42: =Tabela13[[#This Row],[Categoria]] -> 0 | AB42: =IF(P42="","",SUM(P42+295)) | AE42: =IF(Tabela1312[[#This Row],[Diagnóstico]]="Não Prenha ",Tabela13[[#This Row],[Vaca]],"-") -> - | AK42: =Tabela13[[#This Row],[Categoria]] -> 0 | AP42: =IF(AD42="","",SUM(AD42+295))
N43: =IF(B43="","",SUM(B43+295)) | Q43: =IF(Tabela13[[#This Row],[Diagnóstico]]="Não Prenha",Tabela13[[#This Row],[Vaca]],"-") -> - | R43: =IF(Tabela13[[#This Row],[Diagnóstico]]="Não Prenha",Tabela13[[#This Row],[E.C.C DG]],"-") -> - | T43: =IF(Tabela13[[#This Row],[Diagnóstico]]="Não Prenha",Tabela13[[#This Row],[E.C.C. IA]],"-") -> - | U43: =IF(Tabela13[[#This Row],[Diagnóstico]]="Não Prenha",Tabela13[[#This Row],[Raça IA]],"-") -> - | W43: =Tabela13[[#This Row],[Categoria]] -> 0 | AB43: =IF(P43="","",SUM(P43+295)) | AE43: =IF(Tabela1312[[#This Row],[Diagnóstico]]="Não Prenha ",Tabela13[[#This Row],[Vaca]],"-") -> - | AK43: =Tabela13[[#This Row],[Categoria]] -> 0 | AP43: =IF(AD43="","",SUM(AD43+295))
N44: =IF(B44="","",SUM(B44+295)) | Q44: =IF(Tabela13[[#This Row],[Diagnóstico]]="Não Prenha",Tabela13[[#This Row],[Vaca]],"-") -> - | R44: =IF(Tabela13[[#This Row],[Diagnóstico]]="Não Prenha",Tabela13[[#This Row],[E.C.C DG]],"-") -> - | T44: =IF(Tabela13[[#This Row],[Diagnóstico]]="Não Prenha",Tabela13[[#This Row],[E.C.C. IA]],"-") -> - | U44: =IF(Tabela13[[#This Row],[Diagnóstico]]="Não Prenha",Tabela13[[#This Row],[Raça IA]],"-") -> - | W44: =Tabela13[[#This Row],[Categoria]] -> 0 | AB44: =IF(P44="","",SUM(P44+295)) | AE44: =IF(Tabela1312[[#This Row],[Diagnóstico]]="Não Prenha ",Tabela13[[#This Row],[Vaca]],"-") -> - | AK44: =Tabela13[[#This Row],[Categoria]] -> 0 | AP44: =IF(AD44="","",SUM(AD44+295))
N45: =IF(B45="","",SUM(B45+295)) | Q45: =IF(Tabela13[[#This Row],[Diagnóstico]]="Não Prenha",Tabela13[[#This Row],[Vaca]],"-") -> - | R45: =IF(Tabela13[[#This Row],[Diagnóstico]]="Não Prenha",Tabela13[[#This Row],[E.C.C DG]],"-") -> - | T45: =IF(Tabela13[[#This Row],[Diagnóstico]]="Não Prenha",Tabela13[[#This Row],[E.C.C. IA]],"-") -> - | U45: =IF(Tabela13[[#This Row],[Diagnóstico]]="Não Prenha",Tabela13[[#This Row],[Raça IA]],"-") -> - | W45: =Tabela13[[#This Row],[Categoria]] -> 0 | AB45: =IF(P45="","",SUM(P45+295)) | AE45: =IF(Tabela1312[[#This Row],[Diagnóstico]]="Não Prenha ",Tabela13[[#This Row],[Vaca]],"-") -> - | AK45: =Tabela13[[#This Row],[Categoria]] -> 0 | AP45: =IF(AD45="","",SUM(AD45+295))
... N500: =IF(B500="","",SUM(B500+295)) | Q500: =IF(Tabela13[[#This Row],[Diagnóstico]]="Não Prenha",Tabela13[[#This Row],[Vaca]],"-") -> - | R500: =IF(Tabela13[[#This Row],[Diagnóstico]]="Não Prenha",Tabela13[[#This Row],[E.C.C DG]],"-") -> - | T500: =IF(Tabela13[[#This Row],[Diagnóstico]]="Não Prenha",Tabela13[[#This Row],[E.C.C. IA]],"-") -> - | U500: =IF(Tabela13[[#This Row],[Diagnóstico]]="Não Prenha",Tabela13[[#This Row],[Raça IA]],"-") -> - | W500: =Tabela13[[#This Row],[Categoria]] -> 0 | AB500: =IF(P500="","",SUM(P500+295)) | AE500: =IF(Tabela1312[[#This Row],[Diagnóstico]]="Não Prenha ",Tabela13[[#This Row],[Vaca]],"-") -> - | AK500: =Tabela13[[#This Row],[Categoria]] -> 0 | AP500: =IF(AD500="","",SUM(AD500+295))

Sheet Lote 02
A1: Lote | B1: Data IA | C1: Vaca | D1: E.C.C DG | E1: Diagnóstico | F1: E.C.C. IA | G1: Raça IA | H1: CIO | I1: Categoria | J1: Touro | K1: Partida | L1: Inseminador | M1: Observação | N1: Previsão de Parto | P1: Data IA | Q1: Vaca | R1: E.C.C DG | S1: Diagnóstico | T1: E.C.C. IA | U1: Raça IA | V1: CIO | W1: Categoria | X1: Touro | Y1: Partida | Z1: Inseminador | AA1: Observação | AB1: Previsão de Parto | AD1: Data IA | AE1: Vaca | AF1: E.C.C DG | AG1: Diagnóstico | AH1: E.C.C. IA | AI1: Raça IA | AJ1: CIO | AK1: Categoria | AL1: Touro | AM1: Partida | AN1: Inseminador | AO1: Observação | AP1: Previsão de Parto
A2: Novilhas | B2: 45977 | C2: 1 | E2: Não Prenha | F2: 3 | J2: Vagalume | K2: 45245 | L2: Raimundo | M2: cl | N2: =IF(B2="","",SUM(B2+295)) -> 46272 | P2: 46032 | Q2: =IF(Tabela1336[[#This Row],[Diagnóstico]]="Não Prenha",Tabela1336[[#This Row],[Vaca]],"-") -> 1 | R2: =IF(Tabela1336[[#This Row],[Diagnóstico]]="Não Prenha",Tabela1336[[#This Row],[E.C.C DG]],"-") -> 0 | T2: =IF(Tabela1336[[#This Row],[Diagnóstico]]="Não Prenha",Tabela1336[[#This Row],[E.C.C. IA]],"-") -> 3 | U2: =IF(Tabela1336[[#This Row],[Diagnóstico]]="Não Prenha",Tabela1336[[#This Row],[Raça IA]],"-") -> 0 | W2: =Tabela1336[[#This Row],[Categoria]] -> 0 | X2: VAGALUME | Y2: 45210 | AB2: =IF(P2="","",SUM(P2+295)) -> 46327 | AE2: =IF(Tabela131247[[#This Row],[Diagnóstico]]="Não Prenha ",Tabela1336[[#This Row],[Vaca]],"-") -> - | AK2: =Tabela1336[[#This Row],[Categoria]] -> 0 | AP2: =IF(AD2="","",SUM(AD2+295))
A3: Novilhas | B3: 45977 | C3: 6 | E3: Não Prenha | F3: 3 | J3: Vagalume | K3: 45245 | L3: Raimundo | M3: cl/ uso 1 | N3: =IF(B3="","",SUM(B3+295)) -> 46272 | P3: 46032 | Q3: =IF(Tabela1336[[#This Row],[Diagnóstico]]="Não Prenha",Tabela1336[[#This Row],[Vaca]],"-") -> 6 | R3: =IF(Tabela1336[[#This Row],[Diagnóstico]]="Não Prenha",Tabela1336[[#This Row],[E.C.C DG]],"-") -> 0 | T3: =IF(Tabela1336[[#This Row],[Diagnóstico]]="Não Prenha",Tabela1336[[#This Row],[E.C.C. IA]],"-") -> 3 | U3: =IF(Tabela1336[[#This Row],[Diagnóstico]]="Não Prenha",Tabela1336[[#This Row],[Raça IA]],"-") -> 0 | W3: =Tabela1336[[#This Row],[Categoria]] -> 0 | AB3: =IF(P3="","",SUM(P3+295)) -> 46327 | AE3: =IF(Tabela131247[[#This Row],[Diagnóstico]]="Não Prenha ",Tabela1336[[#This Row],[Vaca]],"-") -> - | AK3: =Tabela1336[[#This Row],[Categoria]] -> 0 | AP3: =IF(AD3="","",SUM(AD3+295))
A4: Novilhas | B4: 45977 | C4: 8 | E4: Não Prenha | F4: 3 | J4: Vagalume | K4: 45245 | L4: Raimundo | M4: fl | N4: =IF(B4="","",SUM(B4+295)) -> 46272 | P4: 46032 | Q4: =IF(Tabela1336[[#This Row],[Diagnóstico]]="Não Prenha",Tabela1336[[#This Row],[Vaca]],"-") -> 8 | R4: =IF(Tabela1336[[#This Row],[Diagnóstico]]="Não Prenha",Tabela1336[[#This Row],[E.C.C DG]],"-") -> 0 | T4: =IF(Tabela1336[[#This Row],[Diagnóstico]]="Não Prenha",Tabela1336[[#This Row],[E.C.C. IA]],"-") -> 3 | U4: =IF(Tabela1336[[#This Row],[Diagnóstico]]="Não Prenha",Tabela1336[[#This Row],[Raça IA]],"-") -> 0 | W4: =Tabela1336[[#This Row],[Categoria]] -> 0 | X4: VAGALUME | Y4: 45210 | AB4: =IF(P4="","",SUM(P4+295)) -> 46327 | AE4: =IF(Tabela131247[[#This Row],[Diagnóstico]]="Não Prenha ",Tabela1336[[#This Row],[Vaca]],"-") -> - | AK4: =Tabela1336[[#This Row],[Categoria]] -> 0 | AP4: =IF(AD4="","",SUM(AD4+295))
A5: Novilhas | B5: 45977 | C5: 10 | E5: Prenha | F5: 3 | J5: Vagalume | K5: 45245 | L5: Raimundo | M5: cl | N5: =IF(B5="","",SUM(B5+295)) -> 46272 | Q5: =IF(Tabela1336[[#This Row],[Diagnóstico]]="Não Prenha",Tabela1336[[#This Row],[Vaca]],"-") -> - | R5: =IF(Tabela1336[[#This Row],[Diagnóstico]]="Não Prenha",Tabela1336[[#This Row],[E.C.C DG]],"-") -> - | T5: =IF(Tabela1336[[#This Row],[Diagnóstico]]="Não Prenha",Tabela1336[[#This Row],[E.C.C. IA]],"-") -> - | U5: =IF(Tabela1336[[#This Row],[Diagnóstico]]="Não Prenha",Tabela1336[[#This Row],[Raça IA]],"-") -> - | W5: =Tabela1336[[#This Row],[Categoria]] -> 0 | AB5: =IF(P5="","",SUM(P5+295)) | AE5: =IF(Tabela131247[[#This Row],[Diagnóstico]]="Não Prenha ",Tabela1336[[#This Row],[Vaca]],"-") -> - | AK5: =Tabela1336[[#This Row],[Categoria]] -> 0 | AP5: =IF(AD5="","",SUM(AD5+295))
A6: Novilhas | B6: 45977 | C6: 12 | E6: Não Prenha | F6: 3 | J6: Vagalume | K6: 45245 | L6: Raimundo | M6: cl | N6: =IF(B6="","",SUM(B6+295)) -> 46272 | P6: 46032 | Q6: =IF(Tabela1336[[#This Row],[Diagnóstico]]="Não Prenha",Tabela1336[[#This Row],[Vaca]],"-") -> 12 | R6: =IF(Tabela1336[[#This Row],[Diagnóstico]]="Não Prenha",Tabela1336[[#This Row],[E.C.C DG]],"-") -> 0 | T6: =IF(Tabela1336[[#This Row],[Diagnóstico]]="Não Prenha",Tabela1336[[#This Row],[E.C.C. IA]],"-") -> 3 | U6: =IF(Tabela1336[[#This Row],[Diagnóstico]]="Não Prenha",Tabela1336[[#This Row],[Raça IA]],"-") -> 0 | W6: =Tabela1336[[#This Row],[Categoria]] -> 0 | X6: VAGALUME | Y6: 45210 | AB6: =IF(P6="","",SUM(P6+295)) -> 46327 | AE6: =IF(Tabela131247[[#This Row],[Diagnóstico]]="Não Prenha ",Tabela1336[[#This Row],[Vaca]],"-") -> - | AK6: =Tabela1336[[#This Row],[Categoria]] -> 0 | AP6: =IF(AD6="","",SUM(AD6+295))
A7: Novilhas | B7: 45977 | C7: 14 | E7: Não Prenha | F7: 3 | J7: Vagalume | K7: 45245 | L7: Raimundo | M7: fl | N7: =IF(B7="","",SUM(B7+295)) -> 46272 | P7: 46032 | Q7: =IF(Tabela1336[[#This Row],[Diagnóstico]]="Não Prenha",Tabela1336[[#This Row],[Vaca]],"-") -> 14 | R7: =IF(Tabela1336[[#This Row],[Diagnóstico]]="Não Prenha",Tabela1336[[#This Row],[E.C.C DG]],"-") -> 0 | T7: =IF(Tabela1336[[#This Row],[Diagnóstico]]="Não Prenha",Tabela1336[[#This Row],[E.C.C. IA]],"-") -> 3 | U7: =IF(Tabela1336[[#This Row],[Diagnóstico]]="Não Prenha",Tabela1336[[#This Row],[Raça IA]],"-") -> 0 | W7: =Tabela1336[[#This Row],[Categoria]] -> 0 | X7: GUAPO | Y7: 23/02/201 | AB7: =IF(P7="","",SUM(P7+295)) -> 46327 | AE7: =IF(Tabela131247[[#This Row],[Diagnóstico]]="Não Prenha ",Tabela1336[[#This Row],[Vaca]],"-") -> - | AK7: =Tabela1336[[#This Row],[Categoria]] -> 0 | AP7: =IF(AD7="","",SUM(AD7+295))
A8: Novilhas | B8: 45977 | C8: 20 | E8: Não Prenha | F8: 3 | J8: Vagalume | K8: 45245 | L8: Raimundo | M8: cl | N8: =IF(B8="","",SUM(B8+295)) -> 46272 | P8: 46032 | Q8: =IF(Tabela1336[[#This Row],[Diagnóstico]]="Não Prenha",Tabela1336[[#This Row],[Vaca]],"-") -> 20 | R8: =IF(Tabela1336[[#This Row],[Diagnóstico]]="Não Prenha",Tabela1336[[#This Row],[E.C.C DG]],"-") -> 0 | T8: =IF(Tabela1336[[#This Row],[Diagnóstico]]="Não Prenha",Tabela1336[[#This Row],[E.C.C. IA]],"-") -> 3 | U8: =IF(Tabela1336[[#This Row],[Diagnóstico]]="Não Prenha",Tabela1336[[#This Row],[Raça IA]],"-") -> 0 | W8: =Tabela1336[[#This Row],[Categoria]] -> 0 | X8: VAGALUME | Y8: 45210 | AB8: =IF(P8="","",SUM(P8+295)) -> 46327 | AE8: =IF(Tabela131247[[#This Row],[Diagnóstico]]="Não Prenha ",Tabela1336[[#This Row],[Vaca]],"-") -> - | AK8: =Tabela1336[[#This Row],[Categoria]] -> 0 | AP8: =IF(AD8="","",SUM(AD8+295))
A9: Novilhas | B9: 45977 | C9: 21 | E9: Prenha | F9: 3 | J9: Vagalume | K9: 45245 | L9: Raimundo | M9: fl | N9: =IF(B9="","",SUM(B9+295)) -> 46272 | Q9: =IF(Tabela1336[[#This Row],[Diagnóstico]]="Não Prenha",Tabela1336[[#This Row],[Vaca]],"-") -> - | R9: =IF(Tabela1336[[#This Row],[Diagnóstico]]="Não Prenha",Tabela1336[[#This Row],[E.C.C DG]],"-") -> - | T9: =IF(Tabela1336[[#This Row],[Diagnóstico]]="Não Prenha",Tabela1336[[#This Row],[E.C.C. IA]],"-") -> - | U9: =IF(Tabela1336[[#This Row],[Diagnóstico]]="Não Prenha",Tabela1336[[#This Row],[Raça IA]],"-") -> - | W9: =Tabela1336[[#This Row],[Categoria]] -> 0 | AB9: =IF(P9="","",SUM(P9+295)) | AE9: =IF(Tabela131247[[#This Row],[Diagnóstico]]="Não Prenha ",Tabela1336[[#This Row],[Vaca]],"-") -> - | AK9: =Tabela1336[[#This Row],[Categoria]] -> 0 | AP9: =IF(AD9="","",SUM(AD9+295))
A10: Novilhas | B10: 45977 | C10: 24 | E10: Não Prenha | F10: 3 | J10: Vagalume | K10: 45245 | L10: Raimundo | M10: cl/ uso 1 | N10: =IF(B10="","",SUM(B10+295)) -> 46272 | P10: 46032 | Q10: =IF(Tabela1336[[#This Row],[Diagnóstico]]="Não Prenha",Tabela1336[[#This Row],[Vaca]],"-") -> 24 | R10: =IF(Tabela1336[[#This Row],[Diagnóstico]]="Não Prenha",Tabela1336[[#This Row],[E.C.C DG]],"-") -> 0 | T10: =IF(Tabela1336[[#This Row],[Diagnóstico]]="Não Prenha",Tabela1336[[#This Row],[E.C.C. IA]],"-") -> 3 | U10: =IF(Tabela1336[[#This Row],[Diagnóstico]]="Não Prenha",Tabela1336[[#This Row],[Raça IA]],"-") -> 0 | W10: =Tabela1336[[#This Row],[Categoria]] -> 0 | X10: VAGALUME | Y10: 45210 | AB10: =IF(P10="","",SUM(P10+295)) -> 46327 | AE10: =IF(Tabela131247[[#This Row],[Diagnóstico]]="Não Prenha ",Tabela1336[[#This Row],[Vaca]],"-") -> - | AK10: =Tabela1336[[#This Row],[Categoria]] -> 0 | AP10: =IF(AD10="","",SUM(AD10+295))
A11: Novilhas | B11: 45977 | C11: 31 | E11: Prenha | F11: 3 | J11: Vagalume | K11: 45245 | L11: Raimundo | M11: fl | N11: =IF(B11="","",SUM(B11+295)) -> 46272 | Q11: =IF(Tabela1336[[#This Row],[Diagnóstico]]="Não Prenha",Tabela1336[[#This Row],[Vaca]],"-") -> - | R11: =IF(Tabela1336[[#This Row],[Diagnóstico]]="Não Prenha",Tabela1336[[#This Row],[E.C.C DG]],"-") -> - | T11: =IF(Tabela1336[[#This Row],[Diagnóstico]]="Não Prenha",Tabela1336[[#This Row],[E.C.C. IA]],"-") -> - | U11: =IF(Tabela1336[[#This Row],[Diagnóstico]]="Não Prenha",Tabela1336[[#This Row],[Raça IA]],"-") -> - | W11: =Tabela1336[[#This Row],[Categoria]] -> 0 | AB11: =IF(P11="","",SUM(P11+295)) | AE11: =IF(Tabela131247[[#This Row],[Diagnóstico]]="Não Prenha ",Tabela1336[[#This Row],[Vaca]],"-") -> - | AK11: =Tabela1336[[#This Row],[Categoria]] -> 0 | AP11: =IF(AD11="","",SUM(AD11+295))
A12: Novilhas | B12: 45977 | C12: 33 | E12: Não Prenha | F12: 3 | J12: Guapo | K12: 40232 | L12: Raimundo | M12: fl | N12: =IF(B12="","",SUM(B12+295)) -> 46272 | P12: 46032 | Q12: =IF(Tabela1336[[#This Row],[Diagnóstico]]="Não Prenha",Tabela1336[[#This Row],[Vaca]],"-") -> 33 | R12: =IF(Tabela1336[[#This Row],[Diagnóstico]]="Não Prenha",Tabela1336[[#This Row],[E.C.C DG]],"-") -> 0 | T12: =IF(Tabela1336[[#This Row],[Diagnóstico]]="Não Prenha",Tabela1336[[#This Row],[E.C.C. IA]],"-") -> 3 | U12: =IF(Tabela1336[[#This Row],[Diagnóstico]]="Não Prenha",Tabela1336[[#This Row],[Raça IA]],"-") -> 0 | W12: =Tabela1336[[#This Row],[Categoria]] -> 0 | X12: VAGALUME | Y12: 45210 | AB12: =IF(P12="","",SUM(P12+295)) -> 46327 | AE12: =IF(Tabela131247[[#This Row],[Diagnóstico]]="Não Prenha ",Tabela1336[[#This Row],[Vaca]],"-") -> - | AK12: =Tabela1336[[#This Row],[Categoria]] -> 0 | AP12: =IF(AD12="","",SUM(AD12+295))
A13: Novilhas | B13: 45977 | C13: 34 | E13: Prenha | F13: 3 | J13: Vagalume | K13: 45245 | L13: Raimundo | M13: fl | N13: =IF(B13="","",SUM(B13+295)) -> 46272 | Q13: =IF(Tabela1336[[#This Row],[Diagnóstico]]="Não Prenha",Tabela1336[[#This Row],[Vaca]],"-") -> - | R13: =IF(Tabela1336[[#This Row],[Diagnóstico]]="Não Prenha",Tabela1336[[#This Row],[E.C.C DG]],"-") -> - | T13: =IF(Tabela1336[[#This Row],[Diagnóstico]]="Não Prenha",Tabela1336[[#This Row],[E.C.C. IA]],"-") -> - | U13: =IF(Tabela1336[[#This Row],[Diagnóstico]]="Não Prenha",Tabela1336[[#This Row],[Raça IA]],"-") -> - | W13: =Tabela1336[[#This Row],[Categoria]] -> 0 | AB13: =IF(P13="","",SUM(P13+295)) | AE13: =IF(Tabela131247[[#This Row],[Diagnóstico]]="Não Prenha ",Tabela1336[[#This Row],[Vaca]],"-") -> - | AK13: =Tabela1336[[#This Row],[Categoria]] -> 0 | AP13: =IF(AD13="","",SUM(AD13+295))
A14: Novilhas | B14: 45977 | C14: 41 | E14: Não Prenha | F14: 3 | J14: Vagalume | K14: 45245 | L14: Raimundo | M14: fl/uso 1 | N14: =IF(B14="","",SUM(B14+295)) -> 46272 | P14: 46032 | Q14: =IF(Tabela1336[[#This Row],[Diagnóstico]]="Não Prenha",Tabela1336[[#This Row],[Vaca]],"-") -> 41 | R14: =IF(Tabela1336[[#This Row],[Diagnóstico]]="Não Prenha",Tabela1336[[#This Row],[E.C.C DG]],"-") -> 0 | T14: =IF(Tabela1336[[#This Row],[Diagnóstico]]="Não Prenha",Tabela1336[[#This Row],[E.C.C. IA]],"-") -> 3 | U14: =IF(Tabela1336[[#This Row],[Diagnóstico]]="Não Prenha",Tabela1336[[#This Row],[Raça IA]],"-") -> 0 | W14: =Tabela1336[[#This Row],[Categoria]] -> 0 | X14: VAGALUME | Y14: 45210 | AB14: =IF(P14="","",SUM(P14+295)) -> 46327 | AE14: =IF(Tabela131247[[#This Row],[Diagnóstico]]="Não Prenha ",Tabela1336[[#This Row],[Vaca]],"-") -> - | AK14: =Tabela1336[[#This Row],[Categoria]] -> 0 | AP14: =IF(AD14="","",SUM(AD14+295))
A15: Novilhas | B15: 45977 | C15: 44 | E15: Não Prenha | F15: 3 | J15: Vagalume | K15: 45245 | L15: Raimundo | M15: cl | N15: =IF(B15="","",SUM(B15+295)) -> 46272 | P15: 46032 | Q15: =IF(Tabela1336[[#This Row],[Diagnóstico]]="Não Prenha",Tabela1336[[#This Row],[Vaca]],"-") -> 44 | R15: =IF(Tabela1336[[#This Row],[Diagnóstico]]="Não Prenha",Tabela1336[[#This Row],[E.C.C DG]],"-") -> 0 | T15: =IF(Tabela1336[[#This Row],[Diagnóstico]]="Não Prenha",Tabela1336[[#This Row],[E.C.C. IA]],"-") -> 3 | U15: =IF(Tabela1336[[#This Row],[Diagnóstico]]="Não Prenha",Tabela1336[[#This Row],[Raça IA]],"-") -> 0 | W15: =Tabela1336[[#This Row],[Categoria]] -> 0 | X15: VAGALUME | Y15: 45210 | AB15: =IF(P15="","",SUM(P15+295)) -> 46327 | AE15: =IF(Tabela131247[[#This Row],[Diagnóstico]]="Não Prenha ",Tabela1336[[#This Row],[Vaca]],"-") -> - | AK15: =Tabela1336[[#This Row],[Categoria]] -> 0 | AP15: =IF(AD15="","",SUM(AD15+295))
A16: Novilhas | B16: 45977 | C16: 45 | E16: Não Prenha | F16: 2.5 | J16: Vagalume | K16: 45245 | L16: Raimundo | M16: fl | N16: =IF(B16="","",SUM(B16+295)) -> 46272 | P16: 46032 | Q16: =IF(Tabela1336[[#This Row],[Diagnóstico]]="Não Prenha",Tabela1336[[#This Row],[Vaca]],"-") -> 45 | R16: =IF(Tabela1336[[#This Row],[Diagnóstico]]="Não Prenha",Tabela1336[[#This Row],[E.C.C DG]],"-") -> 0 | T16: =IF(Tabela1336[[#This Row],[Diagnóstico]]="Não Prenha",Tabela1336[[#This Row],[E.C.C. IA]],"-") -> 2.5 | U16: =IF(Tabela1336[[#This Row],[Diagnóstico]]="Não Prenha",Tabela1336[[#This Row],[Raça IA]],"-") -> 0 | W16: =Tabela1336[[#This Row],[Categoria]] -> 0 | X16: VAGALUME | Y16: 45210 | AB16: =IF(P16="","",SUM(P16+295)) -> 46327 | AE16: =IF(Tabela131247[[#This Row],[Diagnóstico]]="Não Prenha ",Tabela1336[[#This Row],[Vaca]],"-") -> - | AK16: =Tabela1336[[#This Row],[Categoria]] -> 0 | AP16: =IF(AD16="","",SUM(AD16+295))
A17: Novilhas | B17: 45977 | C17: 47 | E17: Não Prenha | F17: 2.75 | J17: Vagalume | K17: 45245 | L17: Raimundo | M17: cl | N17: =IF(B17="","",SUM(B17+295)) -> 46272 | P17: 46032 | Q17: =IF(Tabela1336[[#This Row],[Diagnóstico]]="Não Prenha",Tabela1336[[#This Row],[Vaca]],"-") -> 47 | R17: =IF(Tabela1336[[#This Row],[Diagnóstico]]="Não Prenha",Tabela1336[[#This Row],[E.C.C DG]],"-") -> 0 | T17: =IF(Tabela1336[[#This Row],[Diagnóstico]]="Não Prenha",Tabela1336[[#This Row],[E.C.C. IA]],"-") -> 2.75 | U17: =IF(Tabela1336[[#This Row],[Diagnóstico]]="Não Prenha",Tabela1336[[#This Row],[Raça IA]],"-") -> 0 | W17: =Tabela1336[[#This Row],[Categoria]] -> 0 | X17: VAGALUME | Y17: 45210 | AB17: =IF(P17="","",SUM(P17+295)) -> 46327 | AE17: =IF(Tabela131247[[#This Row],[Diagnóstico]]="Não Prenha ",Tabela1336[[#This Row],[Vaca]],"-") -> - | AK17: =Tabela1336[[#This Row],[Categoria]] -> 0 | AP17: =IF(AD17="","",SUM(AD17+295))
A18: Novilhas | B18: 45977 | C18: 48 | E18: Prenha | F18: 2.75 | J18: Vagalume | K18: 45245 | L18: Raimundo | M18: cl | N18: =IF(B18="","",SUM(B18+295)) -> 46272 | Q18: =IF(Tabela1336[[#This Row],[Diagnóstico]]="Não Prenha",Tabela1336[[#This Row],[Vaca]],"-") -> - | R18: =IF(Tabela1336[[#This Row],[Diagnóstico]]="Não Prenha",Tabela1336[[#This Row],[E.C.C DG]],"-") -> - | T18: =IF(Tabela1336[[#This Row],[Diagnóstico]]="Não Prenha",Tabela1336[[#This Row],[E.C.C. IA]],"-") -> - | U18: =IF(Tabela1336[[#This Row],[Diagnóstico]]="Não Prenha",Tabela1336[[#This Row],[Raça IA]],"-") -> - | W18: =Tabela1336[[#This Row],[Categoria]] -> 0 | AB18: =IF(P18="","",SUM(P18+295)) | AE18: =IF(Tabela131247[[#This Row],[Diagnóstico]]="Não Prenha ",Tabela1336[[#This Row],[Vaca]],"-") -> - | AK18: =Tabela1336[[#This Row],[Categoria]] -> 0 | AP18: =IF(AD18="","",SUM(AD18+295))
A19: Novilhas | B19: 45977 | C19: 53 | E19: Não Prenha | F19: 3 | J19: Guapo | K19: 40232 | L19: Raimundo | M19: na/fl | N19: =IF(B19="","",SUM(B19+295)) -> 46272 | P19: 46032 | Q19: =IF(Tabela1336[[#This Row],[Diagnóstico]]="Não Prenha",Tabela1336[[#This Row],[Vaca]],"-") -> 53 | R19: =IF(Tabela1336[[#This Row],[Diagnóstico]]="Não Prenha",Tabela1336[[#This Row],[E.C.C DG]],"-") -> 0 | T19: =IF(Tabela1336[[#This Row],[Diagnóstico]]="Não Prenha",Tabela1336[[#This Row],[E.C.C. IA]],"-") -> 3 | U19: =IF(Tabela1336[[#This Row],[Diagnóstico]]="Não Prenha",Tabela1336[[#This Row],[Raça IA]],"-") -> 0 | W19: =Tabela1336[[#This Row],[Categoria]] -> 0 | X19: GUAPO | Y19: 40232 | AB19: =IF(P19="","",SUM(P19+295)) -> 46327 | AE19: =IF(Tabela131247[[#This Row],[Diagnóstico]]="Não Prenha ",Tabela1336[[#This Row],[Vaca]],"-") -> - | AK19: =Tabela1336[[#This Row],[Categoria]] -> 0 | AP19: =IF(AD19="","",SUM(AD19+295))
A20: Novilhas | B20: 45977 | C20: 65 | E20: Prenha | F20: 2.75 | J20: Vagalume | K20: 45245 | L20: Raimundo | M20: fl | N20: =IF(B20="","",SUM(B20+295)) -> 46272 | Q20: =IF(Tabela1336[[#This Row],[Diagnóstico]]="Não Prenha",Tabela1336[[#This Row],[Vaca]],"-") -> - | R20: =IF(Tabela1336[[#This Row],[Diagnóstico]]="Não Prenha",Tabela1336[[#This Row],[E.C.C DG]],"-") -> - | T20: =IF(Tabela1336[[#This Row],[Diagnóstico]]="Não Prenha",Tabela1336[[#This Row],[E.C.C. IA]],"-") -> - | U20: =IF(Tabela1336[[#This Row],[Diagnóstico]]="Não Prenha",Tabela1336[[#This Row],[Raça IA]],"-") -> - | W20: =Tabela1336[[#This Row],[Categoria]] -> 0 | AB20: =IF(P20="","",SUM(P20+295)) | AE20: =IF(Tabela131247[[#This Row],[Diagnóstico]]="Não Prenha ",Tabela1336[[#This Row],[Vaca]],"-") -> - | AK20: =Tabela1336[[#This Row],[Categoria]] -> 0 | AP20: =IF(AD20="","",SUM(AD20+295))
A21: Novilhas | B21: 45977 | C21: 70 | E21: Não Prenha | F21: 3 | J21: Guapo | K21: 40232 | L21: Raimundo | M21: cl | N21: =IF(B21="","",SUM(B21+295)) -> 46272 | P21: 46032 | Q21: =IF(Tabela1336[[#This Row],[Diagnóstico]]="Não Prenha",Tabela1336[[#This Row],[Vaca]],"-") -> 70 | R21: =IF(Tabela1336[[#This Row],[Diagnóstico]]="Não Prenha",Tabela1336[[#This Row],[E.C.C DG]],"-") -> 0 | T21: =IF(Tabela1336[[#This Row],[Diagnóstico]]="Não Prenha",Tabela1336[[#This Row],[E.C.C. IA]],"-") -> 3 | U21: =IF(Tabela1336[[#This Row],[Diagnóstico]]="Não Prenha",Tabela1336[[#This Row],[Raça IA]],"-") -> 0 | W21: =Tabela1336[[#This Row],[Categoria]] -> 0 | X21: GUAPO | Y21: 40232 | AB21: =IF(P21="","",SUM(P21+295)) -> 46327 | AE21: =IF(Tabela131247[[#This Row],[Diagnóstico]]="Não Prenha ",Tabela1336[[#This Row],[Vaca]],"-") -> - | AK21: =Tabela1336[[#This Row],[Categoria]] -> 0 | AP21: =IF(AD21="","",SUM(AD21+295))
A22: Novilhas | B22: 45977 | C22: 80 | E22: Prenha | F22: 3 | J22: Vagalume | K22: 45245 | L22: Raimundo | M22: cl | N22: =IF(B22="","",SUM(B22+295)) -> 46272 | Q22: =IF(Tabela1336[[#This Row],[Diagnóstico]]="Não Prenha",Tabela1336[[#This Row],[Vaca]],"-") -> - | R22: =IF(Tabela1336[[#This Row],[Diagnóstico]]="Não Prenha",Tabela1336[[#This Row],[E.C.C DG]],"-") -> - | T22: =IF(Tabela1336[[#This Row],[Diagnóstico]]="Não Prenha",Tabela1336[[#This Row],[E.C.C. IA]],"-") -> - | U22: =IF(Tabela1336[[#This Row],[Diagnóstico]]="Não Prenha",Tabela1336[[#This Row],[Raça IA]],"-") -> - | W22: =Tabela1336[[#This Row],[Categoria]] -> 0 | AB22: =IF(P22="","",SUM(P22+295)) | AE22: =IF(Tabela131247[[#This Row],[Diagnóstico]]="Não Prenha ",Tabela1336[[#This Row],[Vaca]],"-") -> - | AK22: =Tabela1336[[#This Row],[Categoria]] -> 0 | AP22: =IF(AD22="","",SUM(AD22+295))
A23: Novilhas | B23: 45977 | C23: 82 | E23: Prenha | F23: 3 | J23: Vagalume | K23: 45245 | L23: Raimundo | M23: fl | N23: =IF(B23="","",SUM(B23+295)) -> 46272 | Q23: =IF(Tabela1336[[#This Row],[Diagnóstico]]="Não Prenha",Tabela1336[[#This Row],[Vaca]],"-") -> - | R23: =IF(Tabela1336[[#This Row],[Diagnóstico]]="Não Prenha",Tabela1336[[#This Row],[E.C.C DG]],"-") -> - | T23: =IF(Tabela1336[[#This Row],[Diagnóstico]]="Não Prenha",Tabela1336[[#This Row],[E.C.C. IA]],"-") -> - | U23: =IF(Tabela1336[[#This Row],[Diagnóstico]]="Não Prenha",Tabela1336[[#This Row],[Raça IA]],"-") -> - | W23: =Tabela1336[[#This Row],[Categoria]] -> 0 | AB23: =IF(P23="","",SUM(P23+295)) | AE23: =IF(Tabela131247[[#This Row],[Diagnóstico]]="Não Prenha ",Tabela1336[[#This Row],[Vaca]],"-") -> - | AK23: =Tabela1336[[#This Row],[Categoria]] -> 0 | AP23: =IF(AD23="","",SUM(AD23+295))
A24: Novilhas | B24: 45977 | C24: 85 | E24: Não Prenha | F24: 3 | J24: Vagalume | K24: 45245 | L24: Raimundo | M24: cl | N24: =IF(B24="","",SUM(B24+295)) -> 46272 | P24: 46032 | Q24: =IF(Tabela1336[[#This Row],[Diagnóstico]]="Não Prenha",Tabela1336[[#This Row],[Vaca]],"-") -> 85 | R24: =IF(Tabela1336[[#This Row],[Diagnóstico]]="Não Prenha",Tabela1336[[#This Row],[E.C.C DG]],"-") -> 0 | T24: =IF(Tabela1336[[#This Row],[Diagnóstico]]="Não Prenha",Tabela1336[[#This Row],[E.C.C. IA]],"-") -> 3 | U24: =IF(Tabela1336[[#This Row],[Diagnóstico]]="Não Prenha",Tabela1336[[#This Row],[Raça IA]],"-") -> 0 | W24: =Tabela1336[[#This Row],[Categoria]] -> 0 | X24: VAGALUME | Y24: 45210 | AB24: =IF(P24="","",SUM(P24+295)) -> 46327 | AE24: =IF(Tabela131247[[#This Row],[Diagnóstico]]="Não Prenha ",Tabela1336[[#This Row],[Vaca]],"-") -> - | AK24: =Tabela1336[[#This Row],[Categoria]] -> 0 | AP24: =IF(AD24="","",SUM(AD24+295))
A25: Novilhas | B25: 45977 | C25: 108 | E25: Prenha | F25: 3 | J25: Vagalume | K25: 45245 | L25: Raimundo | M25: cl | N25: =IF(B25="","",SUM(B25+295)) -> 46272 | Q25: =IF(Tabela1336[[#This Row],[Diagnóstico]]="Não Prenha",Tabela1336[[#This Row],[Vaca]],"-") -> - | R25: =IF(Tabela1336[[#This Row],[Diagnóstico]]="Não Prenha",Tabela1336[[#This Row],[E.C.C DG]],"-") -> - | T25: =IF(Tabela1336[[#This Row],[Diagnóstico]]="Não Prenha",Tabela1336[[#This Row],[E.C.C. IA]],"-") -> - | U25: =IF(Tabela1336[[#This Row],[Diagnóstico]]="Não Prenha",Tabela1336[[#This Row],[Raça IA]],"-") -> - | W25: =Tabela1336[[#This Row],[Categoria]] -> 0 | AB25: =IF(P25="","",SUM(P25+295)) | AE25: =IF(Tabela131247[[#This Row],[Diagnóstico]]="Não Prenha ",Tabela1336[[#This Row],[Vaca]],"-") -> - | AK25: =Tabela1336[[#This Row],[Categoria]] -> 0 | AP25: =IF(AD25="","",SUM(AD25+295))
A26: Novilhas | B26: 45977 | C26: 943 | E26: Prenha | F26: 2.75 | J26: Vagalume | K26: 45245 | L26: Raimundo | M26: fl | N26: =IF(B26="","",SUM(B26+295)) -> 46272 | Q26: =IF(Tabela1336[[#This Row],[Diagnóstico]]="Não Prenha",Tabela1336[[#This Row],[Vaca]],"-") -> - | R26: =IF(Tabela1336[[#This Row],[Diagnóstico]]="Não Prenha",Tabela1336[[#This Row],[E.C.C DG]],"-") -> - | T26: =IF(Tabela1336[[#This Row],[Diagnóstico]]="Não Prenha",Tabela1336[[#This Row],[E.C.C. IA]],"-") -> - | U26: =IF(Tabela1336[[#This Row],[Diagnóstico]]="Não Prenha",Tabela1336[[#This Row],[Raça IA]],"-") -> - | W26: =Tabela1336[[#This Row],[Categoria]] -> 0 | AB26: =IF(P26="","",SUM(P26+295)) | AE26: =IF(Tabela131247[[#This Row],[Diagnóstico]]="Não Prenha ",Tabela1336[[#This Row],[Vaca]],"-") -> - | AK26: =Tabela1336[[#This Row],[Categoria]] -> 0 | AP26: =IF(AD26="","",SUM(AD26+295))
A27: Novilhas | B27: 45977 | C27: 3282 | E27: Não Prenha | F27: 2.75 | J27: Vagalume | K27: 45245 | L27: Raimundo | M27: fl/uso 1 | N27: =IF(B27="","",SUM(B27+295)) -> 46272 | P27: 46032 | Q27: =IF(Tabela1336[[#This Row],[Diagnóstico]]="Não Prenha",Tabela1336[[#This Row],[Vaca]],"-") -> 3282 | R27: =IF(Tabela1336[[#This Row],[Diagnóstico]]="Não Prenha",Tabela1336[[#This Row],[E.C.C DG]],"-") -> 0 | T27: =IF(Tabela1336[[#This Row],[Diagnóstico]]="Não Prenha",Tabela1336[[#This Row],[E.C.C. IA]],"-") -> 2.75 | U27: =IF(Tabela1336[[#This Row],[Diagnóstico]]="Não Prenha",Tabela1336[[#This Row],[Raça IA]],"-") -> 0 | W27: =Tabela1336[[#This Row],[Categoria]] -> 0 | X27: VAGALUME | Y27: 45210 | AB27: =IF(P27="","",SUM(P27+295)) -> 46327 | AE27: =IF(Tabela131247[[#This Row],[Diagnóstico]]="Não Prenha ",Tabela1336[[#This Row],[Vaca]],"-") -> - | AK27: =Tabela1336[[#This Row],[Categoria]] -> 0 | AP27: =IF(AD27="","",SUM(AD27+295))
A28: Novilhas | B28: 45977 | C28: 4032 | E28: Não Prenha | F28: 3 | J28: Vagalume | K28: 45245 | L28: Raimundo | M28: cl | N28: =IF(B28="","",SUM(B28+295)) -> 46272 | P28: 46032 | Q28: =IF(Tabela1336[[#This Row],[Diagnóstico]]="Não Prenha",Tabela1336[[#This Row],[Vaca]],"-") -> 4032 | R28: =IF(Tabela1336[[#This Row],[Diagnóstico]]="Não Prenha",Tabela1336[[#This Row],[E.C.C DG]],"-") -> 0 | T28: =IF(Tabela1336[[#This Row],[Diagnóstico]]="Não Prenha",Tabela1336[[#This Row],[E.C.C. IA]],"-") -> 3 | U28: =IF(Tabela1336[[#This Row],[Diagnóstico]]="Não Prenha",Tabela1336[[#This Row],[Raça IA]],"-") -> 0 | W28: =Tabela1336[[#This Row],[Categoria]] -> 0 | X28: VAGALUME | Y28: 45210 | AB28: =IF(P28="","",SUM(P28+295)) -> 46327 | AE28: =IF(Tabela131247[[#This Row],[Diagnóstico]]="Não Prenha ",Tabela1336[[#This Row],[Vaca]],"-") -> - | AK28: =Tabela1336[[#This Row],[Categoria]] -> 0 | AP28: =IF(AD28="","",SUM(AD28+295))
A29: Novilhas | B29: 45977 | C29: 4033 | E29: Não Prenha | F29: 3 | J29: Vagalume | K29: 45245 | L29: Raimundo | M29: fl | N29: =IF(B29="","",SUM(B29+295)) -> 46272 | P29: 46032 | Q29: =IF(Tabela1336[[#This Row],[Diagnóstico]]="Não Prenha",Tabela1336[[#This Row],[Vaca]],"-") -> 4033 | R29: =IF(Tabela1336[[#This Row],[Diagnóstico]]="Não Prenha",Tabela1336[[#This Row],[E.C.C DG]],"-") -> 0 | T29: =IF(Tabela1336[[#This Row],[Diagnóstico]]="Não Prenha",Tabela1336[[#This Row],[E.C.C. IA]],"-") -> 3 | U29: =IF(Tabela1336[[#This Row],[Diagnóstico]]="Não Prenha",Tabela1336[[#This Row],[Raça IA]],"-") -> 0 | W29: =Tabela1336[[#This Row],[Categoria]] -> 0 | X29: VAGALUME | Y29: 45210 | AB29: =IF(P29="","",SUM(P29+295)) -> 46327 | AE29: =IF(Tabela131247[[#This Row],[Diagnóstico]]="Não Prenha ",Tabela1336[[#This Row],[Vaca]],"-") -> - | AK29: =Tabela1336[[#This Row],[Categoria]] -> 0 | AP29: =IF(AD29="","",SUM(AD29+295))
A30: Novilhas | B30: 45977 | C30: 4067 | E30: Não Prenha | F30: 3 | J30: Vagalume | K30: 45245 | L30: Raimundo | M30: cl | N30: =IF(B30="","",SUM(B30+295)) -> 46272 | P30: 46032 | Q30: =IF(Tabela1336[[#This Row],[Diagnóstico]]="Não Prenha",Tabela1336[[#This Row],[Vaca]],"-") -> 4067 | R30: =IF(Tabela1336[[#This Row],[Diagnóstico]]="Não Prenha",Tabela1336[[#This Row],[E.C.C DG]],"-") -> 0 | T30: =IF(Tabela1336[[#This Row],[Diagnóstico]]="Não Prenha",Tabela1336[[#This Row],[E.C.C. IA]],"-") -> 3 | U30: =IF(Tabela1336[[#This Row],[Diagnóstico]]="Não Prenha",Tabela1336[[#This Row],[Raça IA]],"-") -> 0 | W30: =Tabela1336[[#This Row],[Categoria]] -> 0 | X30: VAGALUME | Y30: 45210 | AB30: =IF(P30="","",SUM(P30+295)) -> 46327 | AE30: =IF(Tabela131247[[#This Row],[Diagnóstico]]="Não Prenha ",Tabela1336[[#This Row],[Vaca]],"-") -> - | AK30: =Tabela1336[[#This Row],[Categoria]] -> 0 | AP30: =IF(AD30="","",SUM(AD30+295))
N31: =IF(B31="","",SUM(B31+295)) | Q31: =IF(Tabela1336[[#This Row],[Diagnóstico]]="Não Prenha",Tabela1336[[#This Row],[Vaca]],"-") -> - | R31: =IF(Tabela1336[[#This Row],[Diagnóstico]]="Não Prenha",Tabela1336[[#This Row],[E.C.C DG]],"-") -> - | T31: =IF(Tabela1336[[#This Row],[Diagnóstico]]="Não Prenha",Tabela1336[[#This Row],[E.C.C. IA]],"-") -> - | U31: =IF(Tabela1336[[#This Row],[Diagnóstico]]="Não Prenha",Tabela1336[[#This Row],[Raça IA]],"-") -> - | W31: =Tabela1336[[#This Row],[Categoria]] -> 0 | AB31: =IF(P31="","",SUM(P31+295)) | AE31: =IF(Tabela131247[[#This Row],[Diagnóstico]]="Não Prenha ",Tabela1336[[#This Row],[Vaca]],"-") -> - | AK31: =Tabela1336[[#This Row],[Categoria]] -> 0 | AP31: =IF(AD31="","",SUM(AD31+295))
N32: =IF(B32="","",SUM(B32+295)) | Q32: =IF(Tabela1336[[#This Row],[Diagnóstico]]="Não Prenha",Tabela1336[[#This Row],[Vaca]],"-") -> - | R32: =IF(Tabela1336[[#This Row],[Diagnóstico]]="Não Prenha",Tabela1336[[#This Row],[E.C.C DG]],"-") -> - | T32: =IF(Tabela1336[[#This Row],[Diagnóstico]]="Não Prenha",Tabela1336[[#This Row],[E.C.C. IA]],"-") -> - | U32: =IF(Tabela1336[[#This Row],[Diagnóstico]]="Não Prenha",Tabela1336[[#This Row],[Raça IA]],"-") -> - | W32: =Tabela1336[[#This Row],[Categoria]] -> 0 | AB32: =IF(P32="","",SUM(P32+295)) | AE32: =IF(Tabela131247[[#This Row],[Diagnóstico]]="Não Prenha ",Tabela1336[[#This Row],[Vaca]],"-") -> - | AK32: =Tabela1336[[#This Row],[Categoria]] -> 0 | AP32: =IF(AD32="","",SUM(AD32+295))
N33: =IF(B33="","",SUM(B33+295)) | Q33: =IF(Tabela1336[[#This Row],[Diagnóstico]]="Não Prenha",Tabela1336[[#This Row],[Vaca]],"-") -> - | R33: =IF(Tabela1336[[#This Row],[Diagnóstico]]="Não Prenha",Tabela1336[[#This Row],[E.C.C DG]],"-") -> - | T33: =IF(Tabela1336[[#This Row],[Diagnóstico]]="Não Prenha",Tabela1336[[#This Row],[E.C.C. IA]],"-") -> - | U33: =IF(Tabela1336[[#This Row],[Diagnóstico]]="Não Prenha",Tabela1336[[#This Row],[Raça IA]],"-") -> - | W33: =Tabela1336[[#This Row],[Categoria]] -> 0 | AB33: =IF(P33="","",SUM(P33+295)) | AE33: =IF(Tabela131247[[#This Row],[Diagnóstico]]="Não Prenha ",Tabela1336[[#This Row],[Vaca]],"-") -> - | AK33: =Tabela1336[[#This Row],[Categoria]] -> 0 | AP33: =IF(AD33="","",SUM(AD33+295))
N34: =IF(B34="","",SUM(B34+295)) | Q34: =IF(Tabela1336[[#This Row],[Diagnóstico]]="Não Prenha",Tabela1336[[#This Row],[Vaca]],"-") -> - | R34: =IF(Tabela1336[[#This Row],[Diagnóstico]]="Não Prenha",Tabela1336[[#This Row],[E.C.C DG]],"-") -> - | T34: =IF(Tabela1336[[#This Row],[Diagnóstico]]="Não Prenha",Tabela1336[[#This Row],[E.C.C. IA]],"-") -> - | U34: =IF(Tabela1336[[#This Row],[Diagnóstico]]="Não Prenha",Tabela1336[[#This Row],[Raça IA]],"-") -> - | W34: =Tabela1336[[#This Row],[Categoria]] -> 0 | AB34: =IF(P34="","",SUM(P34+295)) | AE34: =IF(Tabela131247[[#This Row],[Diagnóstico]]="Não Prenha ",Tabela1336[[#This Row],[Vaca]],"-") -> - | AK34: =Tabela1336[[#This Row],[Categoria]] -> 0 | AP34: =IF(AD34="","",SUM(AD34+295))
N35: =IF(B35="","",SUM(B35+295)) | Q35: =IF(Tabela1336[[#This Row],[Diagnóstico]]="Não Prenha",Tabela1336[[#This Row],[Vaca]],"-") -> - | R35: =IF(Tabela1336[[#This Row],[Diagnóstico]]="Não Prenha",Tabela1336[[#This Row],[E.C.C DG]],"-") -> - | T35: =IF(Tabela1336[[#This Row],[Diagnóstico]]="Não Prenha",Tabela1336[[#This Row],[E.C.C. IA]],"-") -> - | U35: =IF(Tabela1336[[#This Row],[Diagnóstico]]="Não Prenha",Tabela1336[[#This Row],[Raça IA]],"-") -> - | W35: =Tabela1336[[#This Row],[Categoria]] -> 0 | AB35: =IF(P35="","",SUM(P35+295)) | AE35: =IF(Tabela131247[[#This Row],[Diagnóstico]]="Não Prenha ",Tabela1336[[#This Row],[Vaca]],"-") -> - | AK35: =Tabela1336[[#This Row],[Categoria]] -> 0 | AP35: =IF(AD35="","",SUM(AD35+295))
N36: =IF(B36="","",SUM(B36+295)) | Q36: =IF(Tabela1336[[#This Row],[Diagnóstico]]="Não Prenha",Tabela1336[[#This Row],[Vaca]],"-") -> - | R36: =IF(Tabela1336[[#This Row],[Diagnóstico]]="Não Prenha",Tabela1336[[#This Row],[E.C.C DG]],"-") -> - | T36: =IF(Tabela1336[[#This Row],[Diagnóstico]]="Não Prenha",Tabela1336[[#This Row],[E.C.C. IA]],"-") -> - | U36: =IF(Tabela1336[[#This Row],[Diagnóstico]]="Não Prenha",Tabela1336[[#This Row],[Raça IA]],"-") -> - | W36: =Tabela1336[[#This Row],[Categoria]] -> 0 | AB36: =IF(P36="","",SUM(P36+295)) | AE36: =IF(Tabela131247[[#This Row],[Diagnóstico]]="Não Prenha ",Tabela1336[[#This Row],[Vaca]],"-") -> - | AK36: =Tabela1336[[#This Row],[Categoria]] -> 0 | AP36: =IF(AD36="","",SUM(AD36+295))
N37: =IF(B37="","",SUM(B37+295)) | Q37: =IF(Tabela1336[[#This Row],[Diagnóstico]]="Não Prenha",Tabela1336[[#This Row],[Vaca]],"-") -> - | R37: =IF(Tabela1336[[#This Row],[Diagnóstico]]="Não Prenha",Tabela1336[[#This Row],[E.C.C DG]],"-") -> - | T37: =IF(Tabela1336[[#This Row],[Diagnóstico]]="Não Prenha",Tabela1336[[#This Row],[E.C.C. IA]],"-") -> - | U37: =IF(Tabela1336[[#This Row],[Diagnóstico]]="Não Prenha",Tabela1336[[#This Row],[Raça IA]],"-") -> - | W37: =Tabela1336[[#This Row],[Categoria]] -> 0 | AB37: =IF(P37="","",SUM(P37+295)) | AE37: =IF(Tabela131247[[#This Row],[Diagnóstico]]="Não Prenha ",Tabela1336[[#This Row],[Vaca]],"-") -> - | AK37: =Tabela1336[[#This Row],[Categoria]] -> 0 | AP37: =IF(AD37="","",SUM(AD37+295))
N38: =IF(B38="","",SUM(B38+295)) | Q38: =IF(Tabela1336[[#This Row],[Diagnóstico]]="Não Prenha",Tabela1336[[#This Row],[Vaca]],"-") -> - | R38: =IF(Tabela1336[[#This Row],[Diagnóstico]]="Não Prenha",Tabela1336[[#This Row],[E.C.C DG]],"-") -> - | T38: =IF(Tabela1336[[#This Row],[Diagnóstico]]="Não Prenha",Tabela1336[[#This Row],[E.C.C. IA]],"-") -> - | U38: =IF(Tabela1336[[#This Row],[Diagnóstico]]="Não Prenha",Tabela1336[[#This Row],[Raça IA]],"-") -> - | W38: =Tabela1336[[#This Row],[Categoria]] -> 0 | AB38: =IF(P38="","",SUM(P38+295)) | AE38: =IF(Tabela131247[[#This Row],[Diagnóstico]]="Não Prenha ",Tabela1336[[#This Row],[Vaca]],"-") -> - | AK38: =Tabela1336[[#This Row],[Categoria]] -> 0 | AP38: =IF(AD38="","",SUM(AD38+295))
N39: =IF(B39="","",SUM(B39+295)) | Q39: =IF(Tabela1336[[#This Row],[Diagnóstico]]="Não Prenha",Tabela1336[[#This Row],[Vaca]],"-") -> - | R39: =IF(Tabela1336[[#This Row],[Diagnóstico]]="Não Prenha",Tabela1336[[#This Row],[E.C.C DG]],"-") -> - | T39: =IF(Tabela1336[[#This Row],[Diagnóstico]]="Não Prenha",Tabela1336[[#This Row],[E.C.C. IA]],"-") -> - | U39: =IF(Tabela1336[[#This Row],[Diagnóstico]]="Não Prenha",Tabela1336[[#This Row],[Raça IA]],"-") -> - | W39: =Tabela1336[[#This Row],[Categoria]] -> 0 | AB39: =IF(P39="","",SUM(P39+295)) | AE39: =IF(Tabela131247[[#This Row],[Diagnóstico]]="Não Prenha ",Tabela1336[[#This Row],[Vaca]],"-") -> - | AK39: =Tabela1336[[#This Row],[Categoria]] -> 0 | AP39: =IF(AD39="","",SUM(AD39+295))
N40: =IF(B40="","",SUM(B40+295)) | Q40: =IF(Tabela1336[[#This Row],[Diagnóstico]]="Não Prenha",Tabela1336[[#This Row],[Vaca]],"-") -> - | R40: =IF(Tabela1336[[#This Row],[Diagnóstico]]="Não Prenha",Tabela1336[[#This Row],[E.C.C DG]],"-") -> - | T40: =IF(Tabela1336[[#This Row],[Diagnóstico]]="Não Prenha",Tabela1336[[#This Row],[E.C.C. IA]],"-") -> - | U40: =IF(Tabela1336[[#This Row],[Diagnóstico]]="Não Prenha",Tabela1336[[#This Row],[Raça IA]],"-") -> - | W40: =Tabela1336[[#This Row],[Categoria]] -> 0 | AB40: =IF(P40="","",SUM(P40+295)) | AE40: =IF(Tabela131247[[#This Row],[Diagnóstico]]="Não Prenha ",Tabela1336[[#This Row],[Vaca]],"-") -> - | AK40: =Tabela1336[[#This Row],[Categoria]] -> 0 | AP40: =IF(AD40="","",SUM(AD40+295))
N41: =IF(B41="","",SUM(B41+295)) | Q41: =IF(Tabela1336[[#This Row],[Diagnóstico]]="Não Prenha",Tabela1336[[#This Row],[Vaca]],"-") -> - | R41: =IF(Tabela1336[[#This Row],[Diagnóstico]]="Não Prenha",Tabela1336[[#This Row],[E.C.C DG]],"-") -> - | T41: =IF(Tabela1336[[#This Row],[Diagnóstico]]="Não Prenha",Tabela1336[[#This Row],[E.C.C. IA]],"-") -> - | U41: =IF(Tabela1336[[#This Row],[Diagnóstico]]="Não Prenha",Tabela1336[[#This Row],[Raça IA]],"-") -> - | W41: =Tabela1336[[#This Row],[Categoria]] -> 0 | AB41: =IF(P41="","",SUM(P41+295)) | AE41: =IF(Tabela131247[[#This Row],[Diagnóstico]]="Não Prenha ",Tabela1336[[#This Row],[Vaca]],"-") -> - | AK41: =Tabela1336[[#This Row],[Categoria]] -> 0 | AP41: =IF(AD41="","",SUM(AD41+295))
N42: =IF(B42="","",SUM(B42+295)) | Q42: =IF(Tabela1336[[#This Row],[Diagnóstico]]="Não Prenha",Tabela1336[[#This Row],[Vaca]],"-") -> - | R42: =IF(Tabela1336[[#This Row],[Diagnóstico]]="Não Prenha",Tabela1336[[#This Row],[E.C.C DG]],"-") -> - | T42: =IF(Tabela1336[[#This Row],[Diagnóstico]]="Não Prenha",Tabela1336[[#This Row],[E.C.C. IA]],"-") -> - | U42: =IF(Tabela1336[[#This Row],[Diagnóstico]]="Não Prenha",Tabela1336[[#This Row],[Raça IA]],"-") -> - | W42: =Tabela1336[[#This Row],[Categoria]] -> 0 | AB42: =IF(P42="","",SUM(P42+295)) | AE42: =IF(Tabela131247[[#This Row],[Diagnóstico]]="Não Prenha ",Tabela1336[[#This Row],[Vaca]],"-") -> - | AK42: =Tabela1336[[#This Row],[Categoria]] -> 0 | AP42: =IF(AD42="","",SUM(AD42+295))
... N500: =IF(B500="","",SUM(B500+295)) | Q500: =IF(Tabela1336[[#This Row],[Diagnóstico]]="Não Prenha",Tabela1336[[#This Row],[Vaca]],"-") -> - | R500: =IF(Tabela1336[[#This Row],[Diagnóstico]]="Não Prenha",Tabela1336[[#This Row],[E.C.C DG]],"-") -> - | T500: =IF(Tabela1336[[#This Row],[Diagnóstico]]="Não Prenha",Tabela1336[[#This Row],[E.C.C. IA]],"-") -> - | U500: =IF(Tabela1336[[#This Row],[Diagnóstico]]="Não Prenha",Tabela1336[[#This Row],[Raça IA]],"-") -> - | W500: =Tabela1336[[#This Row],[Categoria]] -> 0 | AB500: =IF(P500="","",SUM(P500+295)) | AE500: =IF(Tabela131247[[#This Row],[Diagnóstico]]="Não Prenha ",Tabela1336[[#This Row],[Vaca]],"-") -> - | AK500: =Tabela1336[[#This Row],[Categoria]] -> 0 | AP500: =IF(AD500="","",SUM(AD500+295))
R501: =IF(Tabela1336[[#This Row],[Diagnóstico]]="Não Prenha",Tabela1336[[#This Row],[E.C.C DG]],"-") -> #VALUE! | T501: =IF(Tabela1336[[#This Row],[Diagnóstico]]="Não Prenha",Tabela1336[[#This Row],[E.C.C. IA]],"-") -> #VALUE! | U501: =IF(Tabela1336[[#This Row],[Diagnóstico]]="Não Prenha",Tabela1336[[#This Row],[Raça IA]],"-") -> #VALUE! | AB501: =IF(P501="","",SUM(P501+295))

Sheet Lote 03
A1: Lote | B1: Data IA | C1: Vaca | D1: E.C.C DG | E1: Diagnóstico | F1: E.C.C. IA | G1: Raça IA | H1: CIO | I1: Categoria | J1: Touro | K1: Partida | L1: Inseminador | M1: Observação | N1: Previsão de Parto | P1: Data IA | Q1: Vaca | R1: E.C.C DG | S1: Diagnóstico | T1: E.C.C. IA | U1: Raça IA | V1: CIO | W1: Categoria | X1: Touro | Y1: Partida | Z1: Inseminador | AA1: Observação | AB1: Previsão de Parto | AD1: Data IA | AE1: Vaca | AF1: E.C.C DG | AG1: Diagnóstico | AH1: E.C.C. IA | AI1: Raça IA | AJ1: CIO | AK1: Categoria | AL1: Touro | AM1: Partida | AN1: Inseminador | AO1: Observação | AP1: Previsão de Parto
A2: Solteiras | B2: 45977 | C2: 92 | E2: Não Prenha | F2: 2.75 | J2: Guapo | K2: 40232 | L2: Marcos | M2: uso 1 | N2: =IF(B2="","",SUM(B2+295)) -> 46272 | P2: 46032 | Q2: =IF(Tabela133[[#This Row],[Diagnóstico]]="Não Prenha",Tabela133[[#This Row],[Vaca]],"-") -> 92 | R2: =IF(Tabela133[[#This Row],[Diagnóstico]]="Não Prenha",Tabela133[[#This Row],[E.C.C DG]],"-") -> 0 | T2: =IF(Tabela133[[#This Row],[Diagnóstico]]="Não Prenha",Tabela133[[#This Row],[E.C.C. IA]],"-") -> 2.75 | U2: =IF(Tabela133[[#This Row],[Diagnóstico]]="Não Prenha",Tabela133[[#This Row],[Raça IA]],"-") -> 0 | W2: =Tabela133[[#This Row],[Categoria]] -> 0 | X2: VAGALUME | Y2: 45210 | AB2: =IF(P2="","",SUM(P2+295)) -> 46327 | AE2: =IF(Tabela13124[[#This Row],[Diagnóstico]]="Não Prenha ",Tabela133[[#This Row],[Vaca]],"-") -> - | AK2: =Tabela133[[#This Row],[Categoria]] -> 0 | AP2: =IF(AD2="","",SUM(AD2+295))
A3: Solteiras | B3: 45977 | C3: 117 | E3: Prenha | F3: 2.75 | H3: Pgf | J3: Vagalume | K3: 45245 | L3: Marcos | N3: =IF(B3="","",SUM(B3+295)) -> 46272 | P3: 46032 | Q3: =IF(Tabela133[[#This Row],[Diagnóstico]]="Não Prenha",Tabela133[[#This Row],[Vaca]],"-") -> - | R3: =IF(Tabela133[[#This Row],[Diagnóstico]]="Não Prenha",Tabela133[[#This Row],[E.C.C DG]],"-") -> - | T3: =IF(Tabela133[[#This Row],[Diagnóstico]]="Não Prenha",Tabela133[[#This Row],[E.C.C. IA]],"-") -> - | U3: =IF(Tabela133[[#This Row],[Diagnóstico]]="Não Prenha",Tabela133[[#This Row],[Raça IA]],"-") -> - | W3: =Tabela133[[#This Row],[Categoria]] -> 0 | AB3: =IF(P3="","",SUM(P3+295)) -> 46327 | AE3: =IF(Tabela13124[[#This Row],[Diagnóstico]]="Não Prenha ",Tabela133[[#This Row],[Vaca]],"-") -> - | AK3: =Tabela133[[#This Row],[Categoria]] -> 0 | AP3: =IF(AD3="","",SUM(AD3+295))
A4: Solteiras | B4: 45977 | C4: 133 | E4: Não Prenha | F4: 2.75 | H4: Pgf | J4: Vagalume | K4: 45245 | L4: Marcos | N4: =IF(B4="","",SUM(B4+295)) -> 46272 | P4: 46032 | Q4: =IF(Tabela133[[#This Row],[Diagnóstico]]="Não Prenha",Tabela133[[#This Row],[Vaca]],"-") -> 133 | R4: =IF(Tabela133[[#This Row],[Diagnóstico]]="Não Prenha",Tabela133[[#This Row],[E.C.C DG]],"-") -> 0 | T4: =IF(Tabela133[[#This Row],[Diagnóstico]]="Não Prenha",Tabela133[[#This Row],[E.C.C. IA]],"-") -> 2.75 | U4: =IF(Tabela133[[#This Row],[Diagnóstico]]="Não Prenha",Tabela133[[#This Row],[Raça IA]],"-") -> 0 | W4: =Tabela133[[#This Row],[Categoria]] -> 0 | X4: VAGALUME | Y4: 45210 | AB4: =IF(P4="","",SUM(P4+295)) -> 46327 | AE4: =IF(Tabela13124[[#This Row],[Diagnóstico]]="Não Prenha ",Tabela133[[#This Row],[Vaca]],"-") -> - | AK4: =Tabela133[[#This Row],[Categoria]] -> 0 | AP4: =IF(AD4="","",SUM(AD4+295))
A5: Solteiras | B5: 45977 | C5: 240 | E5: Não Prenha | F5: 2.75 | J5: Vagalume | K5: 45245 | L5: Marcos | N5: =IF(B5="","",SUM(B5+295)) -> 46272 | P5: 46032 | Q5: =IF(Tabela133[[#This Row],[Diagnóstico]]="Não Prenha",Tabela133[[#This Row],[Vaca]],"-") -> 240 | R5: =IF(Tabela133[[#This Row],[Diagnóstico]]="Não Prenha",Tabela133[[#This Row],[E.C.C DG]],"-") -> 0 | T5: =IF(Tabela133[[#This Row],[Diagnóstico]]="Não Prenha",Tabela133[[#This Row],[E.C.C. IA]],"-") -> 2.75 | U5: =IF(Tabela133[[#This Row],[Diagnóstico]]="Não Prenha",Tabela133[[#This Row],[Raça IA]],"-") -> 0 | W5: =Tabela133[[#This Row],[Categoria]] -> 0 | X5: VAGALUME | Y5: 45210 | AB5: =IF(P5="","",SUM(P5+295)) -> 46327 | AE5: =IF(Tabela13124[[#This Row],[Diagnóstico]]="Não Prenha ",Tabela133[[#This Row],[Vaca]],"-") -> - | AK5: =Tabela133[[#This Row],[Categoria]] -> 0 | AP5: =IF(AD5="","",SUM(AD5+295))
A6: Solteiras | B6: 45977 | C6: 296 | E6: Não Prenha | F6: 2.75 | H6: Pgf | J6: Vagalume | K6: 45245 | L6: Marcos | N6: =IF(B6="","",SUM(B6+295)) -> 46272 | P6: 46032 | Q6: =IF(Tabela133[[#This Row],[Diagnóstico]]="Não Prenha",Tabela133[[#This Row],[Vaca]],"-") -> 296 | R6: =IF(Tabela133[[#This Row],[Diagnóstico]]="Não Prenha",Tabela133[[#This Row],[E.C.C DG]],"-") -> 0 | T6: =IF(Tabela133[[#This Row],[Diagnóstico]]="Não Prenha",Tabela133[[#This Row],[E.C.C. IA]],"-") -> 2.75 | U6: =IF(Tabela133[[#This Row],[Diagnóstico]]="Não Prenha",Tabela133[[#This Row],[Raça IA]],"-") -> 0 | W6: =Tabela133[[#This Row],[Categoria]] -> 0 | X6: VAGALUME | Y6: 45210 | AB6: =IF(P6="","",SUM(P6+295)) -> 46327 | AE6: =IF(Tabela13124[[#This Row],[Diagnóstico]]="Não Prenha ",Tabela133[[#This Row],[Vaca]],"-") -> - | AK6: =Tabela133[[#This Row],[Categoria]] -> 0 | AP6: =IF(AD6="","",SUM(AD6+295))
A7: Solteiras | B7: 45977 | C7: 304 | E7: Não Prenha | F7: 2.75 | H7: Pgf | J7: Guapo | K7: 40232 | L7: Marcos | N7: =IF(B7="","",SUM(B7+295)) -> 46272 | P7: 46032 | Q7: =IF(Tabela133[[#This Row],[Diagnóstico]]="Não Prenha",Tabela133[[#This Row],[Vaca]],"-") -> 304 | R7: =IF(Tabela133[[#This Row],[Diagnóstico]]="Não Prenha",Tabela133[[#This Row],[E.C.C DG]],"-") -> 0 | T7: =IF(Tabela133[[#This Row],[Diagnóstico]]="Não Prenha",Tabela133[[#This Row],[E.C.C. IA]],"-") -> 2.75 | U7: =IF(Tabela133[[#This Row],[Diagnóstico]]="Não Prenha",Tabela133[[#This Row],[Raça IA]],"-") -> 0 | W7: =Tabela133[[#This Row],[Categoria]] -> 0 | X7: GUAPO | Y7: 40232 | AB7: =IF(P7="","",SUM(P7+295)) -> 46327 | AE7: =IF(Tabela13124[[#This Row],[Diagnóstico]]="Não Prenha ",Tabela133[[#This Row],[Vaca]],"-") -> - | AK7: =Tabela133[[#This Row],[Categoria]] -> 0 | AP7: =IF(AD7="","",SUM(AD7+295))
A8: Solteiras | B8: 45977 | C8: 429 | E8: Prenha | N8: =IF(B8="","",SUM(B8+295)) -> 46272 | P8: 46032 | Q8: =IF(Tabela133[[#This Row],[Diagnóstico]]="Não Prenha",Tabela133[[#This Row],[Vaca]],"-") -> - | R8: =IF(Tabela133[[#This Row],[Diagnóstico]]="Não Prenha",Tabela133[[#This Row],[E.C.C DG]],"-") -> - | T8: =IF(Tabela133[[#This Row],[Diagnóstico]]="Não Prenha",Tabela133[[#This Row],[E.C.C. IA]],"-") -> - | U8: =IF(Tabela133[[#This Row],[Diagnóstico]]="Não Prenha",Tabela133[[#This Row],[Raça IA]],"-") -> - | W8: =Tabela133[[#This Row],[Categoria]] -> 0 | AB8: =IF(P8="","",SUM(P8+295)) -> 46327 | AE8: =IF(Tabela13124[[#This Row],[Diagnóstico]]="Não Prenha ",Tabela133[[#This Row],[Vaca]],"-") -> - | AK8: =Tabela133[[#This Row],[Categoria]] -> 0 | AP8: =IF(AD8="","",SUM(AD8+295))
A9: Solteiras | B9: 45977 | C9: 526 | E9: Prenha | F9: 2.25 | J9: Vagalume | K9: 45245 | L9: Marcos | N9: =IF(B9="","",SUM(B9+295)) -> 46272 | P9: 46032 | Q9: =IF(Tabela133[[#This Row],[Diagnóstico]]="Não Prenha",Tabela133[[#This Row],[Vaca]],"-") -> - | R9: =IF(Tabela133[[#This Row],[Diagnóstico]]="Não Prenha",Tabela133[[#This Row],[E.C.C DG]],"-") -> - | T9: =IF(Tabela133[[#This Row],[Diagnóstico]]="Não Prenha",Tabela133[[#This Row],[E.C.C. IA]],"-") -> - | U9: =IF(Tabela133[[#This Row],[Diagnóstico]]="Não Prenha",Tabela133[[#This Row],[Raça IA]],"-") -> - | W9: =Tabela133[[#This Row],[Categoria]] -> 0 | AB9: =IF(P9="","",SUM(P9+295)) -> 46327 | AE9: =IF(Tabela13124[[#This Row],[Diagnóstico]]="Não Prenha ",Tabela133[[#This Row],[Vaca]],"-") -> - | AK9: =Tabela133[[#This Row],[Categoria]] -> 0 | AP9: =IF(AD9="","",SUM(AD9+295))
A10: Solteiras | B10: 45977 | C10: 588 | E10: Não Prenha | F10: 2.75 | H10: Pgf | J10: Vagalume | K10: 45245 | L10: Marcos | N10: =IF(B10="","",SUM(B10+295)) -> 46272 | P10: 46032 | Q10: =IF(Tabela133[[#This Row],[Diagnóstico]]="Não Prenha",Tabela133[[#This Row],[Vaca]],"-") -> 588 | R10: =IF(Tabela133[[#This Row],[Diagnóstico]]="Não Prenha",Tabela133[[#This Row],[E.C.C DG]],"-") -> 0 | T10: =IF(Tabela133[[#This Row],[Diagnóstico]]="Não Prenha",Tabela133[[#This Row],[E.C.C. IA]],"-") -> 2.75 | U10: =IF(Tabela133[[#This Row],[Diagnóstico]]="Não Prenha",Tabela133[[#This Row],[Raça IA]],"-") -> 0 | W10: =Tabela133[[#This Row],[Categoria]] -> 0 | X10: VAGALUME | Y10: 45210 | AB10: =IF(P10="","",SUM(P10+295)) -> 46327 | AE10: =IF(Tabela13124[[#This Row],[Diagnóstico]]="Não Prenha ",Tabela133[[#This Row],[Vaca]],"-") -> - | AK10: =Tabela133[[#This Row],[Categoria]] -> 0 | AP10: =IF(AD10="","",SUM(AD10+295))
A11: Solteiras | B11: 45977 | C11: 830 | E11: Prenha | F11: 2.75 | H11: Pgf | J11: Vagalume | K11: 45245 | L11: Marcos | N11: =IF(B11="","",SUM(B11+295)) -> 46272 | P11: 46032 | Q11: =IF(Tabela133[[#This Row],[Diagnóstico]]="Não Prenha",Tabela133[[#This Row],[Vaca]],"-") -> - | R11: =IF(Tabela133[[#This Row],[Diagnóstico]]="Não Prenha",Tabela133[[#This Row],[E.C.C DG]],"-") -> - | T11: =IF(Tabela133[[#This Row],[Diagnóstico]]="Não Prenha",Tabela133[[#This Row],[E.C.C. IA]],"-") -> - | U11: =IF(Tabela133[[#This Row],[Diagnóstico]]="Não Prenha",Tabela133[[#This Row],[Raça IA]],"-") -> - | W11: =Tabela133[[#This Row],[Categoria]] -> 0 | AB11: =IF(P11="","",SUM(P11+295)) -> 46327 | AE11: =IF(Tabela13124[[#This Row],[Diagnóstico]]="Não Prenha ",Tabela133[[#This Row],[Vaca]],"-") -> - | AK11: =Tabela133[[#This Row],[Categoria]] -> 0 | AP11: =IF(AD11="","",SUM(AD11+295))
A12: Solteiras | B12: 45977 | C12: 969 | E12: Prenha | N12: =IF(B12="","",SUM(B12+295)) -> 46272 | P12: 46032 | Q12: =IF(Tabela133[[#This Row],[Diagnóstico]]="Não Prenha",Tabela133[[#This Row],[Vaca]],"-") -> - | R12: =IF(Tabela133[[#This Row],[Diagnóstico]]="Não Prenha",Tabela133[[#This Row],[E.C.C DG]],"-") -> - | T12: =IF(Tabela133[[#This Row],[Diagnóstico]]="Não Prenha",Tabela133[[#This Row],[E.C.C. IA]],"-") -> - | U12: =IF(Tabela133[[#This Row],[Diagnóstico]]="Não Prenha",Tabela133[[#This Row],[Raça IA]],"-") -> - | W12: =Tabela133[[#This Row],[Categoria]] -> 0 | AB12: =IF(P12="","",SUM(P12+295)) -> 46327 | AE12: =IF(Tabela13124[[#This Row],[Diagnóstico]]="Não Prenha ",Tabela133[[#This Row],[Vaca]],"-") -> - | AK12: =Tabela133[[#This Row],[Categoria]] -> 0 | AP12: =IF(AD12="","",SUM(AD12+295))
A13: Solteiras | B13: 45977 | C13: 978 | E13: Não Prenha | F13: 2.75 | J13: Vagalume | K13: 45245 | L13: Marcos | M13: uso 1 | N13: =IF(B13="","",SUM(B13+295)) -> 46272 | P13: 46032 | Q13: =IF(Tabela133[[#This Row],[Diagnóstico]]="Não Prenha",Tabela133[[#This Row],[Vaca]],"-") -> 978 | R13: =IF(Tabela133[[#This Row],[Diagnóstico]]="Não Prenha",Tabela133[[#This Row],[E.C.C DG]],"-") -> 0 | T13: =IF(Tabela133[[#This Row],[Diagnóstico]]="Não Prenha",Tabela133[[#This Row],[E.C.C. IA]],"-") -> 2.75 | U13: =IF(Tabela133[[#This Row],[Diagnóstico]]="Não Prenha",Tabela133[[#This Row],[Raça IA]],"-") -> 0 | W13: =Tabela133[[#This Row],[Categoria]] -> 0 | AB13: =IF(P13="","",SUM(P13+295)) -> 46327 | AE13: =IF(Tabela13124[[#This Row],[Diagnóstico]]="Não Prenha ",Tabela133[[#This Row],[Vaca]],"-") -> - | AK13: =Tabela133[[#This Row],[Categoria]] -> 0 | AP13: =IF(AD13="","",SUM(AD13+295))
A14: Solteiras | B14: 45977 | C14: 1038 | E14: Não Prenha | F14: 2.75 | J14: Guapo | K14: 40232 | L14: Marcos | N14: =IF(B14="","",SUM(B14+295)) -> 46272 | P14: 46032 | Q14: =IF(Tabela133[[#This Row],[Diagnóstico]]="Não Prenha",Tabela133[[#This Row],[Vaca]],"-") -> 1038 | R14: =IF(Tabela133[[#This Row],[Diagnóstico]]="Não Prenha",Tabela133[[#This Row],[E.C.C DG]],"-") -> 0 | T14: =IF(Tabela133[[#This Row],[Diagnóstico]]="Não Prenha",Tabela133[[#This Row],[E.C.C. IA]],"-") -> 2.75 | U14: =IF(Tabela133[[#This Row],[Diagnóstico]]="Não Prenha",Tabela133[[#This Row],[Raça IA]],"-") -> 0 | W14: =Tabela133[[#This Row],[Categoria]] -> 0 | X14: GUAPO | Y14: 40232 | AB14: =IF(P14="","",SUM(P14+295)) -> 46327 | AE14: =IF(Tabela13124[[#This Row],[Diagnóstico]]="Não Prenha ",Tabela133[[#This Row],[Vaca]],"-") -> - | AK14: =Tabela133[[#This Row],[Categoria]] -> 0 | AP14: =IF(AD14="","",SUM(AD14+295))
A15: Solteiras | B15: 45977 | C15: 1052 | E15: Não Prenha | F15: 2.75 | J15: Vagalume | K15: 45245 | L15: Marcos | M15: uso 1 | N15: =IF(B15="","",SUM(B15+295)) -> 46272 | P15: 46032 | Q15: =IF(Tabela133[[#This Row],[Diagnóstico]]="Não Prenha",Tabela133[[#This Row],[Vaca]],"-") -> 1052 | R15: =IF(Tabela133[[#This Row],[Diagnóstico]]="Não Prenha",Tabela133[[#This Row],[E.C.C DG]],"-") -> 0 | T15: =IF(Tabela133[[#This Row],[Diagnóstico]]="Não Prenha",Tabela133[[#This Row],[E.C.C. IA]],"-") -> 2.75 | U15: =IF(Tabela133[[#This Row],[Diagnóstico]]="Não Prenha",Tabela133[[#This Row],[Raça IA]],"-") -> 0 | W15: =Tabela133[[#This Row],[Categoria]] -> 0 | AB15: =IF(P15="","",SUM(P15+295)) -> 46327 | AE15: =IF(Tabela13124[[#This Row],[Diagnóstico]]="Não Prenha ",Tabela133[[#This Row],[Vaca]],"-") -> - | AK15: =Tabela133[[#This Row],[Categoria]] -> 0 | AP15: =IF(AD15="","",SUM(AD15+295))
A16: Solteiras | B16: 45977 | C16: 1067 | E16: Não Prenha | F16: 2.75 | J16: Vagalume | K16: 45245 | L16: Marcos | M16: uso 1 | N16: =IF(B16="","",SUM(B16+295)) -> 46272 | P16: 46032 | Q16: =IF(Tabela133[[#This Row],[Diagnóstico]]="Não Prenha",Tabela133[[#This Row],[Vaca]],"-") -> 1067 | R16: =IF(Tabela133[[#This Row],[Diagnóstico]]="Não Prenha",Tabela133[[#This Row],[E.C.C DG]],"-") -> 0 | T16: =IF(Tabela133[[#This Row],[Diagnóstico]]="Não Prenha",Tabela133[[#This Row],[E.C.C. IA]],"-") -> 2.75 | U16: =IF(Tabela133[[#This Row],[Diagnóstico]]="Não Prenha",Tabela133[[#This Row],[Raça IA]],"-") -> 0 | W16: =Tabela133[[#This Row],[Categoria]] -> 0 | AB16: =IF(P16="","",SUM(P16+295)) -> 46327 | AE16: =IF(Tabela13124[[#This Row],[Diagnóstico]]="Não Prenha ",Tabela133[[#This Row],[Vaca]],"-") -> - | AK16: =Tabela133[[#This Row],[Categoria]] -> 0 | AP16: =IF(AD16="","",SUM(AD16+295))
A17: Solteiras | B17: 45977 | C17: 1148 | E17: Prenha | N17: =IF(B17="","",SUM(B17+295)) -> 46272 | P17: 46032 | Q17: =IF(Tabela133[[#This Row],[Diagnóstico]]="Não Prenha",Tabela133[[#This Row],[Vaca]],"-") -> - | R17: =IF(Tabela133[[#This Row],[Diagnóstico]]="Não Prenha",Tabela133[[#This Row],[E.C.C DG]],"-") -> - | T17: =IF(Tabela133[[#This Row],[Diagnóstico]]="Não Prenha",Tabela133[[#This Row],[E.C.C. IA]],"-") -> - | U17: =IF(Tabela133[[#This Row],[Diagnóstico]]="Não Prenha",Tabela133[[#This Row],[Raça IA]],"-") -> - | W17: =Tabela133[[#This Row],[Categoria]] -> 0 | AB17: =IF(P17="","",SUM(P17+295)) -> 46327 | AE17: =IF(Tabela13124[[#This Row],[Diagnóstico]]="Não Prenha ",Tabela133[[#This Row],[Vaca]],"-") -> - | AK17: =Tabela133[[#This Row],[Categoria]] -> 0 | AP17: =IF(AD17="","",SUM(AD17+295))
A18: Solteiras | B18: 45977 | C18: 1166 | E18: Prenha | F18: 2.75 | H18: Pgf | J18: Vagalume | K18: 45245 | L18: Marcos | N18: =IF(B18="","",SUM(B18+295)) -> 46272 | P18: 46032 | Q18: =IF(Tabela133[[#This Row],[Diagnóstico]]="Não Prenha",Tabela133[[#This Row],[Vaca]],"-") -> - | R18: =IF(Tabela133[[#This Row],[Diagnóstico]]="Não Prenha",Tabela133[[#This Row],[E.C.C DG]],"-") -> - | T18: =IF(Tabela133[[#This Row],[Diagnóstico]]="Não Prenha",Tabela133[[#This Row],[E.C.C. IA]],"-") -> - | U18: =IF(Tabela133[[#This Row],[Diagnóstico]]="Não Prenha",Tabela133[[#This Row],[Raça IA]],"-") -> - | W18: =Tabela133[[#This Row],[Categoria]] -> 0 | AB18: =IF(P18="","",SUM(P18+295)) -> 46327 | AE18: =IF(Tabela13124[[#This Row],[Diagnóstico]]="Não Prenha ",Tabela133[[#This Row],[Vaca]],"-") -> - | AK18: =Tabela133[[#This Row],[Categoria]] -> 0 | AP18: =IF(AD18="","",SUM(AD18+295))
A19: Solteiras | B19: 45977 | C19: 1258 | E19: Não Prenha | F19: 2.5 | H19: Pgf | J19: Vagalume | K19: 45245 | L19: Marcos | N19: =IF(B19="","",SUM(B19+295)) -> 46272 | P19: 46032 | Q19: =IF(Tabela133[[#This Row],[Diagnóstico]]="Não Prenha",Tabela133[[#This Row],[Vaca]],"-") -> 1258 | R19: =IF(Tabela133[[#This Row],[Diagnóstico]]="Não Prenha",Tabela133[[#This Row],[E.C.C DG]],"-") -> 0 | T19: =IF(Tabela133[[#This Row],[Diagnóstico]]="Não Prenha",Tabela133[[#This Row],[E.C.C. IA]],"-") -> 2.5 | U19: =IF(Tabela133[[#This Row],[Diagnóstico]]="Não Prenha",Tabela133[[#This Row],[Raça IA]],"-") -> 0 | W19: =Tabela133[[#This Row],[Categoria]] -> 0 | AB19: =IF(P19="","",SUM(P19+295)) -> 46327 | AE19: =IF(Tabela13124[[#This Row],[Diagnóstico]]="Não Prenha ",Tabela133[[#This Row],[Vaca]],"-") -> - | AK19: =Tabela133[[#This Row],[Categoria]] -> 0 | AP19: =IF(AD19="","",SUM(AD19+295))
A20: Solteiras | B20: 45977 | C20: 1302 | E20: Prenha | N20: =IF(B20="","",SUM(B20+295)) -> 46272 | P20: 46032 | Q20: =IF(Tabela133[[#This Row],[Diagnóstico]]="Não Prenha",Tabela133[[#This Row],[Vaca]],"-") -> - | R20: =IF(Tabela133[[#This Row],[Diagnóstico]]="Não Prenha",Tabela133[[#This Row],[E.C.C DG]],"-") -> - | T20: =IF(Tabela133[[#This Row],[Diagnóstico]]="Não Prenha",Tabela133[[#This Row],[E.C.C. IA]],"-") -> - | U20: =IF(Tabela133[[#This Row],[Diagnóstico]]="Não Prenha",Tabela133[[#This Row],[Raça IA]],"-") -> - | W20: =Tabela133[[#This Row],[Categoria]] -> 0 | AB20: =IF(P20="","",SUM(P20+295)) -> 46327 | AE20: =IF(Tabela13124[[#This Row],[Diagnóstico]]="Não Prenha ",Tabela133[[#This Row],[Vaca]],"-") -> - | AK20: =Tabela133[[#This Row],[Categoria]] -> 0 | AP20: =IF(AD20="","",SUM(AD20+295))
A21: Solteiras | B21: 45977 | C21: 1345 | E21: Prenha | N21: =IF(B21="","",SUM(B21+295)) -> 46272 | P21: 46032 | Q21: =IF(Tabela133[[#This Row],[Diagnóstico]]="Não Prenha",Tabela133[[#This Row],[Vaca]],"-") -> - | R21: =IF(Tabela133[[#This Row],[Diagnóstico]]="Não Prenha",Tabela133[[#This Row],[E.C.C DG]],"-") -> - | T21: =IF(Tabela133[[#This Row],[Diagnóstico]]="Não Prenha",Tabela133[[#This Row],[E.C.C. IA]],"-") -> - | U21: =IF(Tabela133[[#This Row],[Diagnóstico]]="Não Prenha",Tabela133[[#This Row],[Raça IA]],"-") -> - | W21: =Tabela133[[#This Row],[Categoria]] -> 0 | AB21: =IF(P21="","",SUM(P21+295)) -> 46327 | AE21: =IF(Tabela13124[[#This Row],[Diagnóstico]]="Não Prenha ",Tabela133[[#This Row],[Vaca]],"-") -> - | AK21: =Tabela133[[#This Row],[Categoria]] -> 0 | AP21: =IF(AD21="","",SUM(AD21+295))
A22: Solteiras | B22: 45977 | C22: 1349 | E22: Prenha | F22: 2.75 | J22: Guapo | K22: 40232 | L22: Marcos | N22: =IF(B22="","",SUM(B22+295)) -> 46272 | P22: 46032 | Q22: =IF(Tabela133[[#This Row],[Diagnóstico]]="Não Prenha",Tabela133[[#This Row],[Vaca]],"-") -> - | R22: =IF(Tabela133[[#This Row],[Diagnóstico]]="Não Prenha",Tabela133[[#This Row],[E.C.C DG]],"-") -> - | T22: =IF(Tabela133[[#This Row],[Diagnóstico]]="Não Prenha",Tabela133[[#This Row],[E.C.C. IA]],"-") -> - | U22: =IF(Tabela133[[#This Row],[Diagnóstico]]="Não Prenha",Tabela133[[#This Row],[Raça IA]],"-") -> - | W22: =Tabela133[[#This Row],[Categoria]] -> 0 | AB22: =IF(P22="","",SUM(P22+295)) -> 46327 | AE22: =IF(Tabela13124[[#This Row],[Diagnóstico]]="Não Prenha ",Tabela133[[#This Row],[Vaca]],"-") -> - | AK22: =Tabela133[[#This Row],[Categoria]] -> 0 | AP22: =IF(AD22="","",SUM(AD22+295))
A23: Solteiras | B23: 45977 | C23: 1376 | E23: Prenha | F23: 2.75 | H23: Pgf | J23: Vagalume | K23: 45245 | L23: Marcos | N23: =IF(B23="","",SUM(B23+295)) -> 46272 | P23: 46032 | Q23: =IF(Tabela133[[#This Row],[Diagnóstico]]="Não Prenha",Tabela133[[#This Row],[Vaca]],"-") -> - | R23: =IF(Tabela133[[#This Row],[Diagnóstico]]="Não Prenha",Tabela133[[#This Row],[E.C.C DG]],"-") -> - | T23: =IF(Tabela133[[#This Row],[Diagnóstico]]="Não Prenha",Tabela133[[#This Row],[E.C.C. IA]],"-") -> - | U23: =IF(Tabela133[[#This Row],[Diagnóstico]]="Não Prenha",Tabela133[[#This Row],[Raça IA]],"-") -> - | W23: =Tabela133[[#This Row],[Categoria]] -> 0 | AB23: =IF(P23="","",SUM(P23+295)) -> 46327 | AE23: =IF(Tabela13124[[#This Row],[Diagnóstico]]="Não Prenha ",Tabela133[[#This Row],[Vaca]],"-") -> - | AK23: =Tabela133[[#This Row],[Categoria]] -> 0 | AP23: =IF(AD23="","",SUM(AD23+295))
A24: Solteiras | B24: 45977 | C24: 1474 | E24: Não Prenha | F24: 3 | H24: Pgf | J24: Guapo | K24: 40232 | L24: Marcos | N24: =IF(B24="","",SUM(B24+295)) -> 46272 | P24: 46032 | Q24: =IF(Tabela133[[#This Row],[Diagnóstico]]="Não Prenha",Tabela133[[#This Row],[Vaca]],"-") -> 1474 | R24: =IF(Tabela133[[#This Row],[Diagnóstico]]="Não Prenha",Tabela133[[#This Row],[E.C.C DG]],"-") -> 0 | T24: =IF(Tabela133[[#This Row],[Diagnóstico]]="Não Prenha",Tabela133[[#This Row],[E.C.C. IA]],"-") -> 3 | U24: =IF(Tabela133[[#This Row],[Diagnóstico]]="Não Prenha",Tabela133[[#This Row],[Raça IA]],"-") -> 0 | W24: =Tabela133[[#This Row],[Categoria]] -> 0 | X24: GUAPO | Y24: 44980 | AB24: =IF(P24="","",SUM(P24+295)) -> 46327 | AE24: =IF(Tabela13124[[#This Row],[Diagnóstico]]="Não Prenha ",Tabela133[[#This Row],[Vaca]],"-") -> - | AK24: =Tabela133[[#This Row],[Categoria]] -> 0 | AP24: =IF(AD24="","",SUM(AD24+295))
A25: Solteiras | B25: 45977 | C25: 1535 | E25: Não Prenha | F25: 2.75 | J25: Vagalume | K25: 45245 | L25: Marcos | N25: =IF(B25="","",SUM(B25+295)) -> 46272 | P25: 46032 | Q25: =IF(Tabela133[[#This Row],[Diagnóstico]]="Não Prenha",Tabela133[[#This Row],[Vaca]],"-") -> 1535 | R25: =IF(Tabela133[[#This Row],[Diagnóstico]]="Não Prenha",Tabela133[[#This Row],[E.C.C DG]],"-") -> 0 | T25: =IF(Tabela133[[#This Row],[Diagnóstico]]="Não Prenha",Tabela133[[#This Row],[E.C.C. IA]],"-") -> 2.75 | U25: =IF(Tabela133[[#This Row],[Diagnóstico]]="Não Prenha",Tabela133[[#This Row],[Raça IA]],"-") -> 0 | W25: =Tabela133[[#This Row],[Categoria]] -> 0 | X25: VAGALUME | Y25: 45210 | AB25: =IF(P25="","",SUM(P25+295)) -> 46327 | AE25: =IF(Tabela13124[[#This Row],[Diagnóstico]]="Não Prenha ",Tabela133[[#This Row],[Vaca]],"-") -> - | AK25: =Tabela133[[#This Row],[Categoria]] -> 0 | AP25: =IF(AD25="","",SUM(AD25+295))
A26: Solteiras | B26: 45977 | C26: 1547 | E26: Não Prenha | F26: 2.75 | H26: Pgf | J26: Guapo | K26: 40232 | L26: Marcos | M26: uso 1 | N26: =IF(B26="","",SUM(B26+295)) -> 46272 | P26: 46032 | Q26: =IF(Tabela133[[#This Row],[Diagnóstico]]="Não Prenha",Tabela133[[#This Row],[Vaca]],"-") -> 1547 | R26: =IF(Tabela133[[#This Row],[Diagnóstico]]="Não Prenha",Tabela133[[#This Row],[E.C.C DG]],"-") -> 0 | T26: =IF(Tabela133[[#This Row],[Diagnóstico]]="Não Prenha",Tabela133[[#This Row],[E.C.C. IA]],"-") -> 2.75 | U26: =IF(Tabela133[[#This Row],[Diagnóstico]]="Não Prenha",Tabela133[[#This Row],[Raça IA]],"-") -> 0 | W26: =Tabela133[[#This Row],[Categoria]] -> 0 | AB26: =IF(P26="","",SUM(P26+295)) -> 46327 | AE26: =IF(Tabela13124[[#This Row],[Diagnóstico]]="Não Prenha ",Tabela133[[#This Row],[Vaca]],"-") -> - | AK26: =Tabela133[[#This Row],[Categoria]] -> 0 | AP26: =IF(AD26="","",SUM(AD26+295))
A27: Solteiras | B27: 45977 | C27: 1559 | E27: Prenha | N27: =IF(B27="","",SUM(B27+295)) -> 46272 | P27: 46032 | Q27: =IF(Tabela133[[#This Row],[Diagnóstico]]="Não Prenha",Tabela133[[#This Row],[Vaca]],"-") -> - | R27: =IF(Tabela133[[#This Row],[Diagnóstico]]="Não Prenha",Tabela133[[#This Row],[E.C.C DG]],"-") -> - | T27: =IF(Tabela133[[#This Row],[Diagnóstico]]="Não Prenha",Tabela133[[#This Row],[E.C.C. IA]],"-") -> - | U27: =IF(Tabela133[[#This Row],[Diagnóstico]]="Não Prenha",Tabela133[[#This Row],[Raça IA]],"-") -> - | W27: =Tabela133[[#This Row],[Categoria]] -> 0 | AB27: =IF(P27="","",SUM(P27+295)) -> 46327 | AE27: =IF(Tabela13124[[#This Row],[Diagnóstico]]="Não Prenha ",Tabela133[[#This Row],[Vaca]],"-") -> - | AK27: =Tabela133[[#This Row],[Categoria]] -> 0 | AP27: =IF(AD27="","",SUM(AD27+295))
A28: Solteiras | B28: 45977 | C28: 1578 | E28: Prenha | F28: 2.75 | J28: Vagalume | K28: 45245 | L28: Marcos | N28: =IF(B28="","",SUM(B28+295)) -> 46272 | P28: 46032 | Q28: =IF(Tabela133[[#This Row],[Diagnóstico]]="Não Prenha",Tabela133[[#This Row],[Vaca]],"-") -> - | R28: =IF(Tabela133[[#This Row],[Diagnóstico]]="Não Prenha",Tabela133[[#This Row],[E.C.C DG]],"-") -> - | T28: =IF(Tabela133[[#This Row],[Diagnóstico]]="Não Prenha",Tabela133[[#This Row],[E.C.C. IA]],"-") -> - | U28: =IF(Tabela133[[#This Row],[Diagnóstico]]="Não Prenha",Tabela133[[#This Row],[Raça IA]],"-") -> - | W28: =Tabela133[[#This Row],[Categoria]] -> 0 | AB28: =IF(P28="","",SUM(P28+295)) -> 46327 | AE28: =IF(Tabela13124[[#This Row],[Diagnóstico]]="Não Prenha ",Tabela133[[#This Row],[Vaca]],"-") -> - | AK28: =Tabela133[[#This Row],[Categoria]] -> 0 | AP28: =IF(AD28="","",SUM(AD28+295))
A29: Solteiras | B29: 45977 | C29: 1582 | E29: Prenha | F29: 2.75 | J29: Vagalume | K29: 45245 | L29: Marcos | N29: =IF(B29="","",SUM(B29+295)) -> 46272 | P29: 46032 | Q29: =IF(Tabela133[[#This Row],[Diagnóstico]]="Não Prenha",Tabela133[[#This Row],[Vaca]],"-") -> - | R29: =IF(Tabela133[[#This Row],[Diagnóstico]]="Não Prenha",Tabela133[[#This Row],[E.C.C DG]],"-") -> - | T29: =IF(Tabela133[[#This Row],[Diagnóstico]]="Não Prenha",Tabela133[[#This Row],[E.C.C. IA]],"-") -> - | U29: =IF(Tabela133[[#This Row],[Diagnóstico]]="Não Prenha",Tabela133[[#This Row],[Raça IA]],"-") -> - | W29: =Tabela133[[#This Row],[Categoria]] -> 0 | AB29: =IF(P29="","",SUM(P29+295)) -> 46327 | AE29: =IF(Tabela13124[[#This Row],[Diagnóstico]]="Não Prenha ",Tabela133[[#This Row],[Vaca]],"-") -> - | AK29: =Tabela133[[#This Row],[Categoria]] -> 0 | AP29: =IF(AD29="","",SUM(AD29+295))
A30: Solteiras | B30: 45977 | C30: 1596 | E30: Prenha | F30: 2.75 | H30: Pgf | J30: Vagalume | K30: 45245 | L30: Marcos | N30: =IF(B30="","",SUM(B30+295)) -> 46272 | P30: 46032 | Q30: =IF(Tabela133[[#This Row],[Diagnóstico]]="Não Prenha",Tabela133[[#This Row],[Vaca]],"-") -> - | R30: =IF(Tabela133[[#This Row],[Diagnóstico]]="Não Prenha",Tabela133[[#This Row],[E.C.C DG]],"-") -> - | T30: =IF(Tabela133[[#This Row],[Diagnóstico]]="Não Prenha",Tabela133[[#This Row],[E.C.C. IA]],"-") -> - | U30: =IF(Tabela133[[#This Row],[Diagnóstico]]="Não Prenha",Tabela133[[#This Row],[Raça IA]],"-") -> - | W30: =Tabela133[[#This Row],[Categoria]] -> 0 | AB30: =IF(P30="","",SUM(P30+295)) -> 46327 | AE30: =IF(Tabela13124[[#This Row],[Diagnóstico]]="Não Prenha ",Tabela133[[#This Row],[Vaca]],"-") -> - | AK30: =Tabela133[[#This Row],[Categoria]] -> 0 | AP30: =IF(AD30="","",SUM(AD30+295))
A31: Solteiras | B31: 45977 | C31: 1641 | E31: Prenha | F31: 2.75 | H31: Pgf | J31: Vagalume | K31: 45245 | L31: Marcos | N31: =IF(B31="","",SUM(B31+295)) -> 46272 | P31: 46032 | Q31: =IF(Tabela133[[#This Row],[Diagnóstico]]="Não Prenha",Tabela133[[#This Row],[Vaca]],"-") -> - | R31: =IF(Tabela133[[#This Row],[Diagnóstico]]="Não Prenha",Tabela133[[#This Row],[E.C.C DG]],"-") -> - | T31: =IF(Tabela133[[#This Row],[Diagnóstico]]="Não Prenha",Tabela133[[#This Row],[E.C.C. IA]],"-") -> - | U31: =IF(Tabela133[[#This Row],[Diagnóstico]]="Não Prenha",Tabela133[[#This Row],[Raça IA]],"-") -> - | W31: =Tabela133[[#This Row],[Categoria]] -> 0 | AB31: =IF(P31="","",SUM(P31+295)) -> 46327 | AE31: =IF(Tabela13124[[#This Row],[Diagnóstico]]="Não Prenha ",Tabela133[[#This Row],[Vaca]],"-") -> - | AK31: =Tabela133[[#This Row],[Categoria]] -> 0 | AP31: =IF(AD31="","",SUM(AD31+295))
A32: Solteiras | B32: 45977 | C32: 1650 | E32: Prenha | F32: 2.75 | H32: Pgf | J32: Vagalume | K32: 45245 | L32: Marcos | N32: =IF(B32="","",SUM(B32+295)) -> 46272 | P32: 46032 | Q32: =IF(Tabela133[[#This Row],[Diagnóstico]]="Não Prenha",Tabela133[[#This Row],[Vaca]],"-") -> - | R32: =IF(Tabela133[[#This Row],[Diagnóstico]]="Não Prenha",Tabela133[[#This Row],[E.C.C DG]],"-") -> - | T32: =IF(Tabela133[[#This Row],[Diagnóstico]]="Não Prenha",Tabela133[[#This Row],[E.C.C. IA]],"-") -> - | U32: =IF(Tabela133[[#This Row],[Diagnóstico]]="Não Prenha",Tabela133[[#This Row],[Raça IA]],"-") -> - | W32: =Tabela133[[#This Row],[Categoria]] -> 0 | AB32: =IF(P32="","",SUM(P32+295)) -> 46327 | AE32: =IF(Tabela13124[[#This Row],[Diagnóstico]]="Não Prenha ",Tabela133[[#This Row],[Vaca]],"-") -> - | AK32: =Tabela133[[#This Row],[Categoria]] -> 0 | AP32: =IF(AD32="","",SUM(AD32+295))
A33: Solteiras | B33: 45977 | C33: 1663 | E33: Não Prenha | M33: uso 1 | N33: =IF(B33="","",SUM(B33+295)) -> 46272 | P33: 46032 | Q33: =IF(Tabela133[[#This Row],[Diagnóstico]]="Não Prenha",Tabela133[[#This Row],[Vaca]],"-") -> 1663 | R33: =IF(Tabela133[[#This Row],[Diagnóstico]]="Não Prenha",Tabela133[[#This Row],[E.C.C DG]],"-") -> 0 | T33: =IF(Tabela133[[#This Row],[Diagnóstico]]="Não Prenha",Tabela133[[#This Row],[E.C.C. IA]],"-") -> 0 | U33: =IF(Tabela133[[#This Row],[Diagnóstico]]="Não Prenha",Tabela133[[#This Row],[Raça IA]],"-") -> 0 | W33: =Tabela133[[#This Row],[Categoria]] -> 0 | X33: VAGALUME | Y33: 45210 | AB33: =IF(P33="","",SUM(P33+295)) -> 46327 | AE33: =IF(Tabela13124[[#This Row],[Diagnóstico]]="Não Prenha ",Tabela133[[#This Row],[Vaca]],"-") -> - | AK33: =Tabela133[[#This Row],[Categoria]] -> 0 | AP33: =IF(AD33="","",SUM(AD33+295))
A34: Solteiras | B34: 45977 | C34: 1668 | E34: Não Prenha | F34: 3 | J34: Vagalume | K34: 45245 | L34: Marcos | M34: uso 1 | N34: =IF(B34="","",SUM(B34+295)) -> 46272 | P34: 46032 | Q34: =IF(Tabela133[[#This Row],[Diagnóstico]]="Não Prenha",Tabela133[[#This Row],[Vaca]],"-") -> 1668 | R34: =IF(Tabela133[[#This Row],[Diagnóstico]]="Não Prenha",Tabela133[[#This Row],[E.C.C DG]],"-") -> 0 | T34: =IF(Tabela133[[#This Row],[Diagnóstico]]="Não Prenha",Tabela133[[#This Row],[E.C.C. IA]],"-") -> 3 | U34: =IF(Tabela133[[#This Row],[Diagnóstico]]="Não Prenha",Tabela133[[#This Row],[Raça IA]],"-") -> 0 | W34: =Tabela133[[#This Row],[Categoria]] -> 0 | X34: VAGALUME | Y34: 45210 | AB34: =IF(P34="","",SUM(P34+295)) -> 46327 | AE34: =IF(Tabela13124[[#This Row],[Diagnóstico]]="Não Prenha ",Tabela133[[#This Row],[Vaca]],"-") -> - | AK34: =Tabela133[[#This Row],[Categoria]] -> 0 | AP34: =IF(AD34="","",SUM(AD34+295))
A35: Solteiras | B35: 45977 | C35: 1672 | E35: Prenha | F35: 2.5 | H35: Pgf | J35: Vagalume | K35: 45245 | L35: Marcos | N35: =IF(B35="","",SUM(B35+295)) -> 46272 | P35: 46032 | Q35: =IF(Tabela133[[#This Row],[Diagnóstico]]="Não Prenha",Tabela133[[#This Row],[Vaca]],"-") -> - | R35: =IF(Tabela133[[#This Row],[Diagnóstico]]="Não Prenha",Tabela133[[#This Row],[E.C.C DG]],"-") -> - | T35: =IF(Tabela133[[#This Row],[Diagnóstico]]="Não Prenha",Tabela133[[#This Row],[E.C.C. IA]],"-") -> - | U35: =IF(Tabela133[[#This Row],[Diagnóstico]]="Não Prenha",Tabela133[[#This Row],[Raça IA]],"-") -> - | W35: =Tabela133[[#This Row],[Categoria]] -> 0 | AB35: =IF(P35="","",SUM(P35+295)) -> 46327 | AE35: =IF(Tabela13124[[#This Row],[Diagnóstico]]="Não Prenha ",Tabela133[[#This Row],[Vaca]],"-") -> - | AK35: =Tabela133[[#This Row],[Categoria]] -> 0 | AP35: =IF(AD35="","",SUM(AD35+295))
A36: Solteiras | B36: 45977 | C36: 1764 | E36: Não Prenha | F36: 3 | J36: Vagalume | K36: 45245 | L36: Marcos | M36: uso 1 | N36: =IF(B36="","",SUM(B36+295)) -> 46272 | P36: 46032 | Q36: =IF(Tabela133[[#This Row],[Diagnóstico]]="Não Prenha",Tabela133[[#This Row],[Vaca]],"-") -> 1764 | R36: =IF(Tabela133[[#This Row],[Diagnóstico]]="Não Prenha",Tabela133[[#This Row],[E.C.C DG]],"-") -> 0 | T36: =IF(Tabela133[[#This Row],[Diagnóstico]]="Não Prenha",Tabela133[[#This Row],[E.C.C. IA]],"-") -> 3 | U36: =IF(Tabela133[[#This Row],[Diagnóstico]]="Não Prenha",Tabela133[[#This Row],[Raça IA]],"-") -> 0 | W36: =Tabela133[[#This Row],[Categoria]] -> 0 | X36: VAGALUME | Y36: 45210 | AB36: =IF(P36="","",SUM(P36+295)) -> 46327 | AE36: =IF(Tabela13124[[#This Row],[Diagnóstico]]="Não Prenha ",Tabela133[[#This Row],[Vaca]],"-") -> - | AK36: =Tabela133[[#This Row],[Categoria]] -> 0 | AP36: =IF(AD36="","",SUM(AD36+295))
A37: Solteiras | B37: 45977 | C37: 1829 | E37: Prenha | F37: 2.5 | H37: Pgf | J37: Vagalume | K37: 45245 | L37: Marcos | N37: =IF(B37="","",SUM(B37+295)) -> 46272 | P37: 46032 | Q37: =IF(Tabela133[[#This Row],[Diagnóstico]]="Não Prenha",Tabela133[[#This Row],[Vaca]],"-") -> - | R37: =IF(Tabela133[[#This Row],[Diagnóstico]]="Não Prenha",Tabela133[[#This Row],[E.C.C DG]],"-") -> - | T37: =IF(Tabela133[[#This Row],[Diagnóstico]]="Não Prenha",Tabela133[[#This Row],[E.C.C. IA]],"-") -> - | U37: =IF(Tabela133[[#This Row],[Diagnóstico]]="Não Prenha",Tabela133[[#This Row],[Raça IA]],"-") -> - | W37: =Tabela133[[#This Row],[Categoria]] -> 0 | AB37: =IF(P37="","",SUM(P37+295)) -> 46327 | AE37: =IF(Tabela13124[[#This Row],[Diagnóstico]]="Não Prenha ",Tabela133[[#This Row],[Vaca]],"-") -> - | AK37: =Tabela133[[#This Row],[Categoria]] -> 0 | AP37: =IF(AD37="","",SUM(AD37+295))
A38: Solteiras | B38: 45977 | C38: 1840 | E38: Prenha | F38: 2.75 | H38: Pgf | J38: Vagalume | K38: 45245 | L38: Marcos | N38: =IF(B38="","",SUM(B38+295)) -> 46272 | P38: 46032 | Q38: =IF(Tabela133[[#This Row],[Diagnóstico]]="Não Prenha",Tabela133[[#This Row],[Vaca]],"-") -> - | R38: =IF(Tabela133[[#This Row],[Diagnóstico]]="Não Prenha",Tabela133[[#This Row],[E.C.C DG]],"-") -> - | T38: =IF(Tabela133[[#This Row],[Diagnóstico]]="Não Prenha",Tabela133[[#This Row],[E.C.C. IA]],"-") -> - | U38: =IF(Tabela133[[#This Row],[Diagnóstico]]="Não Prenha",Tabela133[[#This Row],[Raça IA]],"-") -> - | W38: =Tabela133[[#This Row],[Categoria]] -> 0 | AB38: =IF(P38="","",SUM(P38+295)) -> 46327 | AE38: =IF(Tabela13124[[#This Row],[Diagnóstico]]="Não Prenha ",Tabela133[[#This Row],[Vaca]],"-") -> - | AK38: =Tabela133[[#This Row],[Categoria]] -> 0 | AP38: =IF(AD38="","",SUM(AD38+295))
A39: Solteiras | B39: 45977 | C39: 1865 | E39: Prenha | F39: 3 | J39: Vagalume | K39: 45245 | L39: Marcos | N39: =IF(B39="","",SUM(B39+295)) -> 46272 | P39: 46032 | Q39: =IF(Tabela133[[#This Row],[Diagnóstico]]="Não Prenha",Tabela133[[#This Row],[Vaca]],"-") -> - | R39: =IF(Tabela133[[#This Row],[Diagnóstico]]="Não Prenha",Tabela133[[#This Row],[E.C.C DG]],"-") -> - | T39: =IF(Tabela133[[#This Row],[Diagnóstico]]="Não Prenha",Tabela133[[#This Row],[E.C.C. IA]],"-") -> - | U39: =IF(Tabela133[[#This Row],[Diagnóstico]]="Não Prenha",Tabela133[[#This Row],[Raça IA]],"-") -> - | W39: =Tabela133[[#This Row],[Categoria]] -> 0 | AB39: =IF(P39="","",SUM(P39+295)) -> 46327 | AE39: =IF(Tabela13124[[#This Row],[Diagnóstico]]="Não Prenha ",Tabela133[[#This Row],[Vaca]],"-") -> - | AK39: =Tabela133[[#This Row],[Categoria]] -> 0 | AP39: =IF(AD39="","",SUM(AD39+295))
A40: Solteiras | B40: 45977 | C40: 1948 | E40: Prenha | F40: 2.5 | J40: Vagalume | K40: 45245 | L40: Marcos | N40: =IF(B40="","",SUM(B40+295)) -> 46272 | P40: 46032 | Q40: =IF(Tabela133[[#This Row],[Diagnóstico]]="Não Prenha",Tabela133[[#This Row],[Vaca]],"-") -> - | R40: =IF(Tabela133[[#This Row],[Diagnóstico]]="Não Prenha",Tabela133[[#This Row],[E.C.C DG]],"-") -> - | T40: =IF(Tabela133[[#This Row],[Diagnóstico]]="Não Prenha",Tabela133[[#This Row],[E.C.C. IA]],"-") -> - | U40: =IF(Tabela133[[#This Row],[Diagnóstico]]="Não Prenha",Tabela133[[#This Row],[Raça IA]],"-") -> - | W40: =Tabela133[[#This Row],[Categoria]] -> 0 | AB40: =IF(P40="","",SUM(P40+295)) -> 46327 | AE40: =IF(Tabela13124[[#This Row],[Diagnóstico]]="Não Prenha ",Tabela133[[#This Row],[Vaca]],"-") -> - | AK40: =Tabela133[[#This Row],[Categoria]] -> 0 | AP40: =IF(AD40="","",SUM(AD40+295))
A41: Solteiras | B41: 45977 | C41: 1964 | E41: Não Prenha | F41: 2.75 | H41: Pgf | J41: Vagalume | K41: 45245 | L41: Marcos | N41: =IF(B41="","",SUM(B41+295)) -> 46272 | P41: 46032 | Q41: =IF(Tabela133[[#This Row],[Diagnóstico]]="Não Prenha",Tabela133[[#This Row],[Vaca]],"-") -> 1964 | R41: =IF(Tabela133[[#This Row],[Diagnóstico]]="Não Prenha",Tabela133[[#This Row],[E.C.C DG]],"-") -> 0 | T41: =IF(Tabela133[[#This Row],[Diagnóstico]]="Não Prenha",Tabela133[[#This Row],[E.C.C. IA]],"-") -> 2.75 | U41: =IF(Tabela133[[#This Row],[Diagnóstico]]="Não Prenha",Tabela133[[#This Row],[Raça IA]],"-") -> 0 | W41: =Tabela133[[#This Row],[Categoria]] -> 0 | X41: VAGALUME | Y41: 45210 | AB41: =IF(P41="","",SUM(P41+295)) -> 46327 | AE41: =IF(Tabela13124[[#This Row],[Diagnóstico]]="Não Prenha ",Tabela133[[#This Row],[Vaca]],"-") -> - | AK41: =Tabela133[[#This Row],[Categoria]] -> 0 | AP41: =IF(AD41="","",SUM(AD41+295))
A42: Solteiras | B42: 45977 | C42: 1972 | E42: Prenha | F42: 2.75 | H42: Pgf | J42: Guapo | K42: 40232 | L42: Marcos | N42: =IF(B42="","",SUM(B42+295)) -> 46272 | P42: 46032 | Q42: =IF(Tabela133[[#This Row],[Diagnóstico]]="Não Prenha",Tabela133[[#This Row],[Vaca]],"-") -> - | R42: =IF(Tabela133[[#This Row],[Diagnóstico]]="Não Prenha",Tabela133[[#This Row],[E.C.C DG]],"-") -> - | T42: =IF(Tabela133[[#This Row],[Diagnóstico]]="Não Prenha",Tabela133[[#This Row],[E.C.C. IA]],"-") -> - | U42: =IF(Tabela133[[#This Row],[Diagnóstico]]="Não Prenha",Tabela133[[#This Row],[Raça IA]],"-") -> - | W42: =Tabela133[[#This Row],[Categoria]] -> 0 | AB42: =IF(P42="","",SUM(P42+295)) -> 46327 | AE42: =IF(Tabela13124[[#This Row],[Diagnóstico]]="Não Prenha ",Tabela133[[#This Row],[Vaca]],"-") -> - | AK42: =Tabela133[[#This Row],[Categoria]] -> 0 | AP42: =IF(AD42="","",SUM(AD42+295))
A43: Solteiras | B43: 45977 | C43: 1977 | E43: Não Prenha | F43: 2.75 | H43: Pgf | J43: Guapo | K43: 40232 | L43: Marcos | N43: =IF(B43="","",SUM(B43+295)) -> 46272 | P43: 46032 | Q43: =IF(Tabela133[[#This Row],[Diagnóstico]]="Não Prenha",Tabela133[[#This Row],[Vaca]],"-") -> 1977 | R43: =IF(Tabela133[[#This Row],[Diagnóstico]]="Não Prenha",Tabela133[[#This Row],[E.C.C DG]],"-") -> 0 | T43: =IF(Tabela133[[#This Row],[Diagnóstico]]="Não Prenha",Tabela133[[#This Row],[E.C.C. IA]],"-") -> 2.75 | U43: =IF(Tabela133[[#This Row],[Diagnóstico]]="Não Prenha",Tabela133[[#This Row],[Raça IA]],"-") -> 0 | W43: =Tabela133[[#This Row],[Categoria]] -> 0 | X43: VAGALUME | Y43: 45210 | AB43: =IF(P43="","",SUM(P43+295)) -> 46327 | AE43: =IF(Tabela13124[[#This Row],[Diagnóstico]]="Não Prenha ",Tabela133[[#This Row],[Vaca]],"-") -> - | AK43: =Tabela133[[#This Row],[Categoria]] -> 0 | AP43: =IF(AD43="","",SUM(AD43+295))
A44: Solteiras | B44: 45977 | C44: 1979 | E44: Prenha | F44: 2.5 | H44: Pgf | J44: Guapo | K44: 40232 | L44: Marcos | N44: =IF(B44="","",SUM(B44+295)) -> 46272 | P44: 46032 | Q44: =IF(Tabela133[[#This Row],[Diagnóstico]]="Não Prenha",Tabela133[[#This Row],[Vaca]],"-") -> - | R44: =IF(Tabela133[[#This Row],[Diagnóstico]]="Não Prenha",Tabela133[[#This Row],[E.C.C DG]],"-") -> - | T44: =IF(Tabela133[[#This Row],[Diagnóstico]]="Não Prenha",Tabela133[[#This Row],[E.C.C. IA]],"-") -> - | U44: =IF(Tabela133[[#This Row],[Diagnóstico]]="Não Prenha",Tabela133[[#This Row],[Raça IA]],"-") -> - | W44: =Tabela133[[#This Row],[Categoria]] -> 0 | AB44: =IF(P44="","",SUM(P44+295)) -> 46327 | AE44: =IF(Tabela13124[[#This Row],[Diagnóstico]]="Não Prenha ",Tabela133[[#This Row],[Vaca]],"-") -> - | AK44: =Tabela133[[#This Row],[Categoria]] -> 0 | AP44: =IF(AD44="","",SUM(AD44+295))
A45: Solteiras | B45: 45977 | C45: 1980 | E45: Prenha | N45: =IF(B45="","",SUM(B45+295)) -> 46272 | P45: 46032 | Q45: =IF(Tabela133[[#This Row],[Diagnóstico]]="Não Prenha",Tabela133[[#This Row],[Vaca]],"-") -> - | R45: =IF(Tabela133[[#This Row],[Diagnóstico]]="Não Prenha",Tabela133[[#This Row],[E.C.C DG]],"-") -> - | T45: =IF(Tabela133[[#This Row],[Diagnóstico]]="Não Prenha",Tabela133[[#This Row],[E.C.C. IA]],"-") -> - | U45: =IF(Tabela133[[#This Row],[Diagnóstico]]="Não Prenha",Tabela133[[#This Row],[Raça IA]],"-") -> - | W45: =Tabela133[[#This Row],[Categoria]] -> 0 | AB45: =IF(P45="","",SUM(P45+295)) -> 46327 | AE45: =IF(Tabela13124[[#This Row],[Diagnóstico]]="Não Prenha ",Tabela133[[#This Row],[Vaca]],"-") -> - | AK45: =Tabela133[[#This Row],[Categoria]] -> 0 | AP45: =IF(AD45="","",SUM(AD45+295))
A46: Solteiras | B46: 45977 | C46: 1998 | E46: Prenha | F46: 2.75 | H46: Pgf | J46: Vagalume | K46: 45245 | L46: Marcos | N46: =IF(B46="","",SUM(B46+295)) -> 46272 | P46: 46032 | Q46: =IF(Tabela133[[#This Row],[Diagnóstico]]="Não Prenha",Tabela133[[#This Row],[Vaca]],"-") -> - | R46: =IF(Tabela133[[#This Row],[Diagnóstico]]="Não Prenha",Tabela133[[#This Row],[E.C.C DG]],"-") -> - | T46: =IF(Tabela133[[#This Row],[Diagnóstico]]="Não Prenha",Tabela133[[#This Row],[E.C.C. IA]],"-") -> - | U46: =IF(Tabela133[[#This Row],[Diagnóstico]]="Não Prenha",Tabela133[[#This Row],[Raça IA]],"-") -> - | W46: =Tabela133[[#This Row],[Categoria]] -> 0 | AB46: =IF(P46="","",SUM(P46+295)) -> 46327 | AE46: =IF(Tabela13124[[#This Row],[Diagnóstico]]="Não Prenha ",Tabela133[[#This Row],[Vaca]],"-") -> - | AK46: =Tabela133[[#This Row],[Categoria]] -> 0 | AP46: =IF(AD46="","",SUM(AD46+295))
A47: Solteiras | B47: 45977 | C47: 2014 | E47: Prenha | H47: Pgf | N47: =IF(B47="","",SUM(B47+295)) -> 46272 | P47: 46032 | Q47: =IF(Tabela133[[#This Row],[Diagnóstico]]="Não Prenha",Tabela133[[#This Row],[Vaca]],"-") -> - | R47: =IF(Tabela133[[#This Row],[Diagnóstico]]="Não Prenha",Tabela133[[#This Row],[E.C.C DG]],"-") -> - | T47: =IF(Tabela133[[#This Row],[Diagnóstico]]="Não Prenha",Tabela133[[#This Row],[E.C.C. IA]],"-") -> - | U47: =IF(Tabela133[[#This Row],[Diagnóstico]]="Não Prenha",Tabela133[[#This Row],[Raça IA]],"-") -> - | W47: =Tabela133[[#This Row],[Categoria]] -> 0 | AB47: =IF(P47="","",SUM(P47+295)) -> 46327 | AE47: =IF(Tabela13124[[#This Row],[Diagnóstico]]="Não Prenha ",Tabela133[[#This Row],[Vaca]],"-") -> - | AK47: =Tabela133[[#This Row],[Categoria]] -> 0 | AP47: =IF(AD47="","",SUM(AD47+295))
A48: Solteiras | B48: 45977 | C48: 2019 | E48: Não Prenha | F48: 2.5 | J48: Vagalume | K48: 45245 | L48: Marcos | M48: uso 1 | N48: =IF(B48="","",SUM(B48+295)) -> 46272 | P48: 46032 | Q48: =IF(Tabela133[[#This Row],[Diagnóstico]]="Não Prenha",Tabela133[[#This Row],[Vaca]],"-") -> 2019 | R48: =IF(Tabela133[[#This Row],[Diagnóstico]]="Não Prenha",Tabela133[[#This Row],[E.C.C DG]],"-") -> 0 | T48: =IF(Tabela133[[#This Row],[Diagnóstico]]="Não Prenha",Tabela133[[#This Row],[E.C.C. IA]],"-") -> 2.5 | U48: =IF(Tabela133[[#This Row],[Diagnóstico]]="Não Prenha",Tabela133[[#This Row],[Raça IA]],"-") -> 0 | W48: =Tabela133[[#This Row],[Categoria]] -> 0 | X48: VAGALUME | Y48: 45210 | AB48: =IF(P48="","",SUM(P48+295)) -> 46327 | AE48: =IF(Tabela13124[[#This Row],[Diagnóstico]]="Não Prenha ",Tabela133[[#This Row],[Vaca]],"-") -> - | AK48: =Tabela133[[#This Row],[Categoria]] -> 0 | AP48: =IF(AD48="","",SUM(AD48+295))
A49: Solteiras | B49: 45977 | C49: 2053 | E49: Prenha | N49: =IF(B49="","",SUM(B49+295)) -> 46272 | P49: 46032 | Q49: =IF(Tabela133[[#This Row],[Diagnóstico]]="Não Prenha",Tabela133[[#This Row],[Vaca]],"-") -> - | R49: =IF(Tabela133[[#This Row],[Diagnóstico]]="Não Prenha",Tabela133[[#This Row],[E.C.C DG]],"-") -> - | T49: =IF(Tabela133[[#This Row],[Diagnóstico]]="Não Prenha",Tabela133[[#This Row],[E.C.C. IA]],"-") -> - | U49: =IF(Tabela133[[#This Row],[Diagnóstico]]="Não Prenha",Tabela133[[#This Row],[Raça IA]],"-") -> - | W49: =Tabela133[[#This Row],[Categoria]] -> 0 | AB49: =IF(P49="","",SUM(P49+295)) -> 46327 | AE49: =IF(Tabela13124[[#This Row],[Diagnóstico]]="Não Prenha ",Tabela133[[#This Row],[Vaca]],"-") -> - | AK49: =Tabela133[[#This Row],[Categoria]] -> 0 | AP49: =IF(AD49="","",SUM(AD49+295))
A50: Solteiras | B50: 45977 | C50: 2077 | E50: Não Prenha | F50: 2.5 | H50: Pgf | J50: Vagalume | K50: 45245 | L50: Marcos | N50: =IF(B50="","",SUM(B50+295)) -> 46272 | P50: 46032 | Q50: =IF(Tabela133[[#This Row],[Diagnóstico]]="Não Prenha",Tabela133[[#This Row],[Vaca]],"-") -> 2077 | R50: =IF(Tabela133[[#This Row],[Diagnóstico]]="Não Prenha",Tabela133[[#This Row],[E.C.C DG]],"-") -> 0 | T50: =IF(Tabela133[[#This Row],[Diagnóstico]]="Não Prenha",Tabela133[[#This Row],[E.C.C. IA]],"-") -> 2.5 | U50: =IF(Tabela133[[#This Row],[Diagnóstico]]="Não Prenha",Tabela133[[#This Row],[Raça IA]],"-") -> 0 | W50: =Tabela133[[#This Row],[Categoria]] -> 0 | AB50: =IF(P50="","",SUM(P50+295)) -> 46327 | AE50: =IF(Tabela13124[[#This Row],[Diagnóstico]]="Não Prenha ",Tabela133[[#This Row],[Vaca]],"-") -> - | AK50: =Tabela133[[#This Row],[Categoria]] -> 0 | AP50: =IF(AD50="","",SUM(AD50+295))
A51: Solteiras | B51: 45977 | C51: 2095 | E51: Prenha | N51: =IF(B51="","",SUM(B51+295)) -> 46272 | P51: 46032 | Q51: =IF(Tabela133[[#This Row],[Diagnóstico]]="Não Prenha",Tabela133[[#This Row],[Vaca]],"-") -> - | R51: =IF(Tabela133[[#This Row],[Diagnóstico]]="Não Prenha",Tabela133[[#This Row],[E.C.C DG]],"-") -> - | T51: =IF(Tabela133[[#This Row],[Diagnóstico]]="Não Prenha",Tabela133[[#This Row],[E.C.C. IA]],"-") -> - | U51: =IF(Tabela133[[#This Row],[Diagnóstico]]="Não Prenha",Tabela133[[#This Row],[Raça IA]],"-") -> - | W51: =Tabela133[[#This Row],[Categoria]] -> 0 | AB51: =IF(P51="","",SUM(P51+295)) -> 46327 | AE51: =IF(Tabela13124[[#This Row],[Diagnóstico]]="Não Prenha ",Tabela133[[#This Row],[Vaca]],"-") -> - | AK51: =Tabela133[[#This Row],[Categoria]] -> 0 | AP51: =IF(AD51="","",SUM(AD51+295))
A52: Solteiras | B52: 45977 | C52: 2115 | E52: Não Prenha | F52: 2.75 | H52: Pgf | J52: Guapo | K52: 40232 | L52: Marcos | N52: =IF(B52="","",SUM(B52+295)) -> 46272 | P52: 46032 | Q52: =IF(Tabela133[[#This Row],[Diagnóstico]]="Não Prenha",Tabela133[[#This Row],[Vaca]],"-") -> 2115 | R52: =IF(Tabela133[[#This Row],[Diagnóstico]]="Não Prenha",Tabela133[[#This Row],[E.C.C DG]],"-") -> 0 | T52: =IF(Tabela133[[#This Row],[Diagnóstico]]="Não Prenha",Tabela133[[#This Row],[E.C.C. IA]],"-") -> 2.75 | U52: =IF(Tabela133[[#This Row],[Diagnóstico]]="Não Prenha",Tabela133[[#This Row],[Raça IA]],"-") -> 0 | W52: =Tabela133[[#This Row],[Categoria]] -> 0 | X52: GUAPO | Y52: 45210 | AB52: =IF(P52="","",SUM(P52+295)) -> 46327 | AE52: =IF(Tabela13124[[#This Row],[Diagnóstico]]="Não Prenha ",Tabela133[[#This Row],[Vaca]],"-") -> - | AK52: =Tabela133[[#This Row],[Categoria]] -> 0 | AP52: =IF(AD52="","",SUM(AD52+295))
A53: Solteiras | B53: 45977 | C53: 2124 | E53: Não Prenha | F53: 2.75 | J53: Vagalume | K53: 45245 | L53: Marcos | N53: =IF(B53="","",SUM(B53+295)) -> 46272 | P53: 46032 | Q53: =IF(Tabela133[[#This Row],[Diagnóstico]]="Não Prenha",Tabela133[[#This Row],[Vaca]],"-") -> 2124 | R53: =IF(Tabela133[[#This Row],[Diagnóstico]]="Não Prenha",Tabela133[[#This Row],[E.C.C DG]],"-") -> 0 | T53: =IF(Tabela133[[#This Row],[Diagnóstico]]="Não Prenha",Tabela133[[#This Row],[E.C.C. IA]],"-") -> 2.75 | U53: =IF(Tabela133[[#This Row],[Diagnóstico]]="Não Prenha",Tabela133[[#This Row],[Raça IA]],"-") -> 0 | W53: =Tabela133[[#This Row],[Categoria]] -> 0 | X53: VAGALUME | Y53: 45210 | AB53: =IF(P53="","",SUM(P53+295)) -> 46327 | AE53: =IF(Tabela13124[[#This Row],[Diagnóstico]]="Não Prenha ",Tabela133[[#This Row],[Vaca]],"-") -> - | AK53: =Tabela133[[#This Row],[Categoria]] -> 0 | AP53: =IF(AD53="","",SUM(AD53+295))
A54: Solteiras | B54: 45977 | C54: 2141 | E54: Prenha | F54: 2.75 | J54: Guapo | K54: 40232 | L54: Marcos | N54: =IF(B54="","",SUM(B54+295)) -> 46272 | P54: 46032 | Q54: =IF(Tabela133[[#This Row],[Diagnóstico]]="Não Prenha",Tabela133[[#This Row],[Vaca]],"-") -> - | R54: =IF(Tabela133[[#This Row],[Diagnóstico]]="Não Prenha",Tabela133[[#This Row],[E.C.C DG]],"-") -> - | T54: =IF(Tabela133[[#This Row],[Diagnóstico]]="Não Prenha",Tabela133[[#This Row],[E.C.C. IA]],"-") -> - | U54: =IF(Tabela133[[#This Row],[Diagnóstico]]="Não Prenha",Tabela133[[#This Row],[Raça IA]],"-") -> - | W54: =Tabela133[[#This Row],[Categoria]] -> 0 | AB54: =IF(P54="","",SUM(P54+295)) -> 46327 | AE54: =IF(Tabela13124[[#This Row],[Diagnóstico]]="Não Prenha ",Tabela133[[#This Row],[Vaca]],"-") -> - | AK54: =Tabela133[[#This Row],[Categoria]] -> 0 | AP54: =IF(AD54="","",SUM(AD54+295))
A55: Solteiras | B55: 45977 | C55: 2142 | E55: Prenha | F55: 2.75 | H55: Pgf | J55: Guapo | K55: 40232 | L55: Marcos | N55: =IF(B55="","",SUM(B55+295)) -> 46272 | P55: 46032 | Q55: =IF(Tabela133[[#This Row],[Diagnóstico]]="Não Prenha",Tabela133[[#This Row],[Vaca]],"-") -> - | R55: =IF(Tabela133[[#This Row],[Diagnóstico]]="Não Prenha",Tabela133[[#This Row],[E.C.C DG]],"-") -> - | T55: =IF(Tabela133[[#This Row],[Diagnóstico]]="Não Prenha",Tabela133[[#This Row],[E.C.C. IA]],"-") -> - | U55: =IF(Tabela133[[#This Row],[Diagnóstico]]="Não Prenha",Tabela133[[#This Row],[Raça IA]],"-") -> - | W55: =Tabela133[[#This Row],[Categoria]] -> 0 | AB55: =IF(P55="","",SUM(P55+295)) -> 46327 | AE55: =IF(Tabela13124[[#This Row],[Diagnóstico]]="Não Prenha ",Tabela133[[#This Row],[Vaca]],"-") -> - | AK55: =Tabela133[[#This Row],[Categoria]] -> 0 | AP55: =IF(AD55="","",SUM(AD55+295))
A56: Solteiras | B56: 45977 | C56: 2189 | E56: Prenha | F56: 2.75 | H56: Pgf | J56: Guapo | K56: 40232 | L56: Marcos | N56: =IF(B56="","",SUM(B56+295)) -> 46272 | P56: 46032 | Q56: =IF(Tabela133[[#This Row],[Diagnóstico]]="Não Prenha",Tabela133[[#This Row],[Vaca]],"-") -> - | R56: =IF(Tabela133[[#This Row],[Diagnóstico]]="Não Prenha",Tabela133[[#This Row],[E.C.C DG]],"-") -> - | T56: =IF(Tabela133[[#This Row],[Diagnóstico]]="Não Prenha",Tabela133[[#This Row],[E.C.C. IA]],"-") -> - | U56: =IF(Tabela133[[#This Row],[Diagnóstico]]="Não Prenha",Tabela133[[#This Row],[Raça IA]],"-") -> - | W56: =Tabela133[[#This Row],[Categoria]] -> 0 | AB56: =IF(P56="","",SUM(P56+295)) -> 46327 | AE56: =IF(Tabela13124[[#This Row],[Diagnóstico]]="Não Prenha ",Tabela133[[#This Row],[Vaca]],"-") -> - | AK56: =Tabela133[[#This Row],[Categoria]] -> 0 | AP56: =IF(AD56="","",SUM(AD56+295))
A57: Solteiras | B57: 45977 | C57: 2192 | E57: Não Prenha | F57: 2.75 | J57: Guapo | K57: 40232 | L57: Marcos | N57: =IF(B57="","",SUM(B57+295)) -> 46272 | P57: 46032 | Q57: =IF(Tabela133[[#This Row],[Diagnóstico]]="Não Prenha",Tabela133[[#This Row],[Vaca]],"-") -> 2192 | R57: =IF(Tabela133[[#This Row],[Diagnóstico]]="Não Prenha",Tabela133[[#This Row],[E.C.C DG]],"-") -> 0 | T57: =IF(Tabela133[[#This Row],[Diagnóstico]]="Não Prenha",Tabela133[[#This Row],[E.C.C. IA]],"-") -> 2.75 | U57: =IF(Tabela133[[#This Row],[Diagnóstico]]="Não Prenha",Tabela133[[#This Row],[Raça IA]],"-") -> 0 | W57: =Tabela133[[#This Row],[Categoria]] -> 0 | X57: GUAPO | Y57: 40232 | AB57: =IF(P57="","",SUM(P57+295)) -> 46327 | AE57: =IF(Tabela13124[[#This Row],[Diagnóstico]]="Não Prenha ",Tabela133[[#This Row],[Vaca]],"-") -> - | AK57: =Tabela133[[#This Row],[Categoria]] -> 0 | AP57: =IF(AD57="","",SUM(AD57+295))
A58: Solteiras | B58: 45977 | C58: 2221 | E58: Não Prenha | F58: 2.75 | H58: Pgf | J58: Guapo | K58: 40232 | L58: Marcos | N58: =IF(B58="","",SUM(B58+295)) -> 46272 | P58: 46032 | Q58: =IF(Tabela133[[#This Row],[Diagnóstico]]="Não Prenha",Tabela133[[#This Row],[Vaca]],"-") -> 2221 | R58: =IF(Tabela133[[#This Row],[Diagnóstico]]="Não Prenha",Tabela133[[#This Row],[E.C.C DG]],"-") -> 0 | T58: =IF(Tabela133[[#This Row],[Diagnóstico]]="Não Prenha",Tabela133[[#This Row],[E.C.C. IA]],"-") -> 2.75 | U58: =IF(Tabela133[[#This Row],[Diagnóstico]]="Não Prenha",Tabela133[[#This Row],[Raça IA]],"-") -> 0 | W58: =Tabela133[[#This Row],[Categoria]] -> 0 | X58: GUAPO | Y58: 40232 | AB58: =IF(P58="","",SUM(P58+295)) -> 46327 | AE58: =IF(Tabela13124[[#This Row],[Diagnóstico]]="Não Prenha ",Tabela133[[#This Row],[Vaca]],"-") -> - | AK58: =Tabela133[[#This Row],[Categoria]] -> 0 | AP58: =IF(AD58="","",SUM(AD58+295))
A59: Solteiras | B59: 45977 | C59: 2222 | E59: Prenha | F59: 2.75 | J59: Guapo | K59: 40232 | L59: Marcos | N59: =IF(B59="","",SUM(B59+295)) -> 46272 | P59: 46032 | Q59: =IF(Tabela133[[#This Row],[Diagnóstico]]="Não Prenha",Tabela133[[#This Row],[Vaca]],"-") -> - | R59: =IF(Tabela133[[#This Row],[Diagnóstico]]="Não Prenha",Tabela133[[#This Row],[E.C.C DG]],"-") -> - | T59: =IF(Tabela133[[#This Row],[Diagnóstico]]="Não Prenha",Tabela133[[#This Row],[E.C.C. IA]],"-") -> - | U59: =IF(Tabela133[[#This Row],[Diagnóstico]]="Não Prenha",Tabela133[[#This Row],[Raça IA]],"-") -> - | W59: =Tabela133[[#This Row],[Categoria]] -> 0 | AB59: =IF(P59="","",SUM(P59+295)) -> 46327 | AE59: =IF(Tabela13124[[#This Row],[Diagnóstico]]="Não Prenha ",Tabela133[[#This Row],[Vaca]],"-") -> - | AK59: =Tabela133[[#This Row],[Categoria]] -> 0 | AP59: =IF(AD59="","",SUM(AD59+295))
A60: Solteiras | B60: 45977 | C60: 2223 | E60: Não Prenha | F60: 2.75 | J60: Guapo | K60: 40232 | L60: Marcos | M60: uso 1 | N60: =IF(B60="","",SUM(B60+295)) -> 46272 | P60: 46032 | Q60: =IF(Tabela133[[#This Row],[Diagnóstico]]="Não Prenha",Tabela133[[#This Row],[Vaca]],"-") -> 2223 | R60: =IF(Tabela133[[#This Row],[Diagnóstico]]="Não Prenha",Tabela133[[#This Row],[E.C.C DG]],"-") -> 0 | T60: =IF(Tabela133[[#This Row],[Diagnóstico]]="Não Prenha",Tabela133[[#This Row],[E.C.C. IA]],"-") -> 2.75 | U60: =IF(Tabela133[[#This Row],[Diagnóstico]]="Não Prenha",Tabela133[[#This Row],[Raça IA]],"-") -> 0 | W60: =Tabela133[[#This Row],[Categoria]] -> 0 | X60: GUAPO | Y60: 40232 | AB60: =IF(P60="","",SUM(P60+295)) -> 46327 | AE60: =IF(Tabela13124[[#This Row],[Diagnóstico]]="Não Prenha ",Tabela133[[#This Row],[Vaca]],"-") -> - | AK60: =Tabela133[[#This Row],[Categoria]] -> 0 | AP60: =IF(AD60="","",SUM(AD60+295))
A61: Solteiras | B61: 45977 | C61: 2225 | E61: Prenha | N61: =IF(B61="","",SUM(B61+295)) -> 46272 | P61: 46032 | Q61: =IF(Tabela133[[#This Row],[Diagnóstico]]="Não Prenha",Tabela133[[#This Row],[Vaca]],"-") -> - | R61: =IF(Tabela133[[#This Row],[Diagnóstico]]="Não Prenha",Tabela133[[#This Row],[E.C.C DG]],"-") -> - | T61: =IF(Tabela133[[#This Row],[Diagnóstico]]="Não Prenha",Tabela133[[#This Row],[E.C.C. IA]],"-") -> - | U61: =IF(Tabela133[[#This Row],[Diagnóstico]]="Não Prenha",Tabela133[[#This Row],[Raça IA]],"-") -> - | W61: =Tabela133[[#This Row],[Categoria]] -> 0 | AB61: =IF(P61="","",SUM(P61+295)) -> 46327 | AE61: =IF(Tabela13124[[#This Row],[Diagnóstico]]="Não Prenha ",Tabela133[[#This Row],[Vaca]],"-") -> - | AK61: =Tabela133[[#This Row],[Categoria]] -> 0 | AP61: =IF(AD61="","",SUM(AD61+295))
A62: Solteiras | B62: 45977 | C62: 2228 | E62: Prenha | F62: 2.5 | H62: Pgf | J62: Vagalume | K62: 45245 | L62: Marcos | N62: =IF(B62="","",SUM(B62+295)) -> 46272 | P62: 46032 | Q62: =IF(Tabela133[[#This Row],[Diagnóstico]]="Não Prenha",Tabela133[[#This Row],[Vaca]],"-") -> - | R62: =IF(Tabela133[[#This Row],[Diagnóstico]]="Não Prenha",Tabela133[[#This Row],[E.C.C DG]],"-") -> - | T62: =IF(Tabela133[[#This Row],[Diagnóstico]]="Não Prenha",Tabela133[[#This Row],[E.C.C. IA]],"-") -> - | U62: =IF(Tabela133[[#This Row],[Diagnóstico]]="Não Prenha",Tabela133[[#This Row],[Raça IA]],"-") -> - | W62: =Tabela133[[#This Row],[Categoria]] -> 0 | AB62: =IF(P62="","",SUM(P62+295)) -> 46327 | AE62: =IF(Tabela13124[[#This Row],[Diagnóstico]]="Não Prenha ",Tabela133[[#This Row],[Vaca]],"-") -> - | AK62: =Tabela133[[#This Row],[Categoria]] -> 0 | AP62: =IF(AD62="","",SUM(AD62+295))
A63: Solteiras | B63: 45977 | C63: 2242 | E63: Prenha | F63: 2.75 | J63: Guapo | K63: 40232 | L63: Marcos | N63: =IF(B63="","",SUM(B63+295)) -> 46272 | P63: 46032 | Q63: =IF(Tabela133[[#This Row],[Diagnóstico]]="Não Prenha",Tabela133[[#This Row],[Vaca]],"-") -> - | R63: =IF(Tabela133[[#This Row],[Diagnóstico]]="Não Prenha",Tabela133[[#This Row],[E.C.C DG]],"-") -> - | T63: =IF(Tabela133[[#This Row],[Diagnóstico]]="Não Prenha",Tabela133[[#This Row],[E.C.C. IA]],"-") -> - | U63: =IF(Tabela133[[#This Row],[Diagnóstico]]="Não Prenha",Tabela133[[#This Row],[Raça IA]],"-") -> - | W63: =Tabela133[[#This Row],[Categoria]] -> 0 | AB63: =IF(P63="","",SUM(P63+295)) -> 46327 | AE63: =IF(Tabela13124[[#This Row],[Diagnóstico]]="Não Prenha ",Tabela133[[#This Row],[Vaca]],"-") -> - | AK63: =Tabela133[[#This Row],[Categoria]] -> 0 | AP63: =IF(AD63="","",SUM(AD63+295))
A64: Solteiras | B64: 45977 | C64: 2254 | E64: Prenha | F64: 2.25 | H64: Pgf | J64: Guapo | K64: 40232 | L64: Marcos | N64: =IF(B64="","",SUM(B64+295)) -> 46272 | P64: 46032 | Q64: =IF(Tabela133[[#This Row],[Diagnóstico]]="Não Prenha",Tabela133[[#This Row],[Vaca]],"-") -> - | R64: =IF(Tabela133[[#This Row],[Diagnóstico]]="Não Prenha",Tabela133[[#This Row],[E.C.C DG]],"-") -> - | T64: =IF(Tabela133[[#This Row],[Diagnóstico]]="Não Prenha",Tabela133[[#This Row],[E.C.C. IA]],"-") -> - | U64: =IF(Tabela133[[#This Row],[Diagnóstico]]="Não Prenha",Tabela133[[#This Row],[Raça IA]],"-") -> - | W64: =Tabela133[[#This Row],[Categoria]] -> 0 | AB64: =IF(P64="","",SUM(P64+295)) -> 46327 | AE64: =IF(Tabela13124[[#This Row],[Diagnóstico]]="Não Prenha ",Tabela133[[#This Row],[Vaca]],"-") -> - | AK64: =Tabela133[[#This Row],[Categoria]] -> 0 | AP64: =IF(AD64="","",SUM(AD64+295))
A65: Solteiras | B65: 45977 | C65: 2256 | E65: Prenha | F65: 2.75 | H65: Pgf | J65: Guapo | K65: 40232 | L65: Marcos | N65: =IF(B65="","",SUM(B65+295)) -> 46272 | P65: 46032 | Q65: =IF(Tabela133[[#This Row],[Diagnóstico]]="Não Prenha",Tabela133[[#This Row],[Vaca]],"-") -> - | R65: =IF(Tabela133[[#This Row],[Diagnóstico]]="Não Prenha",Tabela133[[#This Row],[E.C.C DG]],"-") -> - | T65: =IF(Tabela133[[#This Row],[Diagnóstico]]="Não Prenha",Tabela133[[#This Row],[E.C.C. IA]],"-") -> - | U65: =IF(Tabela133[[#This Row],[Diagnóstico]]="Não Prenha",Tabela133[[#This Row],[Raça IA]],"-") -> - | W65: =Tabela133[[#This Row],[Categoria]] -> 0 | AB65: =IF(P65="","",SUM(P65+295)) -> 46327 | AE65: =IF(Tabela13124[[#This Row],[Diagnóstico]]="Não Prenha ",Tabela133[[#This Row],[Vaca]],"-") -> - | AK65: =Tabela133[[#This Row],[Categoria]] -> 0 | AP65: =IF(AD65="","",SUM(AD65+295))
A66: Solteiras | B66: 45977 | C66: 2263 | E66: Prenha | N66: =IF(B66="","",SUM(B66+295)) -> 46272 | P66: 46032 | Q66: =IF(Tabela133[[#This Row],[Diagnóstico]]="Não Prenha",Tabela133[[#This Row],[Vaca]],"-") -> - | R66: =IF(Tabela133[[#This Row],[Diagnóstico]]="Não Prenha",Tabela133[[#This Row],[E.C.C DG]],"-") -> - | T66: =IF(Tabela133[[#This Row],[Diagnóstico]]="Não Prenha",Tabela133[[#This Row],[E.C.C. IA]],"-") -> - | U66: =IF(Tabela133[[#This Row],[Diagnóstico]]="Não Prenha",Tabela133[[#This Row],[Raça IA]],"-") -> - | W66: =Tabela133[[#This Row],[Categoria]] -> 0 | AB66: =IF(P66="","",SUM(P66+295)) -> 46327 | AE66: =IF(Tabela13124[[#This Row],[Diagnóstico]]="Não Prenha ",Tabela133[[#This Row],[Vaca]],"-") -> - | AK66: =Tabela133[[#This Row],[Categoria]] -> 0 | AP66: =IF(AD66="","",SUM(AD66+295))
A67: Solteiras | B67: 45977 | C67: 2283 | E67: Não Prenha | F67: 2.75 | H67: Pgf | J67: Guapo | K67: 40232 | L67: Marcos | N67: =IF(B67="","",SUM(B67+295)) -> 46272 | P67: 46032 | Q67: =IF(Tabela133[[#This Row],[Diagnóstico]]="Não Prenha",Tabela133[[#This Row],[Vaca]],"-") -> 2283 | R67: =IF(Tabela133[[#This Row],[Diagnóstico]]="Não Prenha",Tabela133[[#This Row],[E.C.C DG]],"-") -> 0 | T67: =IF(Tabela133[[#This Row],[Diagnóstico]]="Não Prenha",Tabela133[[#This Row],[E.C.C. IA]],"-") -> 2.75 | U67: =IF(Tabela133[[#This Row],[Diagnóstico]]="Não Prenha",Tabela133[[#This Row],[Raça IA]],"-") -> 0 | W67: =Tabela133[[#This Row],[Categoria]] -> 0 | X67: GUAPO | Y67: 40232 | AB67: =IF(P67="","",SUM(P67+295)) -> 46327 | AE67: =IF(Tabela13124[[#This Row],[Diagnóstico]]="Não Prenha ",Tabela133[[#This Row],[Vaca]],"-") -> - | AK67: =Tabela133[[#This Row],[Categoria]] -> 0 | AP67: =IF(AD67="","",SUM(AD67+295))
A68: Solteiras | B68: 45977 | C68: 2284 | F68: 2.75 | H68: Pgf | J68: Guapo | K68: 40232 | L68: Marcos | N68: =IF(B68="","",SUM(B68+295)) -> 46272 | P68: 46032 | Q68: =IF(Tabela133[[#This Row],[Diagnóstico]]="Não Prenha",Tabela133[[#This Row],[Vaca]],"-") -> - | R68: =IF(Tabela133[[#This Row],[Diagnóstico]]="Não Prenha",Tabela133[[#This Row],[E.C.C DG]],"-") -> - | T68: =IF(Tabela133[[#This Row],[Diagnóstico]]="Não Prenha",Tabela133[[#This Row],[E.C.C. IA]],"-") -> - | U68: =IF(Tabela133[[#This Row],[Diagnóstico]]="Não Prenha",Tabela133[[#This Row],[Raça IA]],"-") -> - | W68: =Tabela133[[#This Row],[Categoria]] -> 0 | AB68: =IF(P68="","",SUM(P68+295)) -> 46327 | AE68: =IF(Tabela13124[[#This Row],[Diagnóstico]]="Não Prenha ",Tabela133[[#This Row],[Vaca]],"-") -> - | AK68: =Tabela133[[#This Row],[Categoria]] -> 0 | AP68: =IF(AD68="","",SUM(AD68+295))
A69: Solteiras | B69: 45977 | C69: 2287 | E69: Prenha | F69: 2.5 | H69: Pgf | J69: Vagalume | K69: 45245 | L69: Marcos | N69: =IF(B69="","",SUM(B69+295)) -> 46272 | P69: 46032 | Q69: =IF(Tabela133[[#This Row],[Diagnóstico]]="Não Prenha",Tabela133[[#This Row],[Vaca]],"-") -> - | R69: =IF(Tabela133[[#This Row],[Diagnóstico]]="Não Prenha",Tabela133[[#This Row],[E.C.C DG]],"-") -> - | T69: =IF(Tabela133[[#This Row],[Diagnóstico]]="Não Prenha",Tabela133[[#This Row],[E.C.C. IA]],"-") -> - | U69: =IF(Tabela133[[#This Row],[Diagnóstico]]="Não Prenha",Tabela133[[#This Row],[Raça IA]],"-") -> - | W69: =Tabela133[[#This Row],[Categoria]] -> 0 | AB69: =IF(P69="","",SUM(P69+295)) -> 46327 | AE69: =IF(Tabela13124[[#This Row],[Diagnóstico]]="Não Prenha ",Tabela133[[#This Row],[Vaca]],"-") -> - | AK69: =Tabela133[[#This Row],[Categoria]] -> 0 | AP69: =IF(AD69="","",SUM(AD69+295))
A70: Solteiras | B70: 45977 | C70: 2288 | E70: Prenha | F70: 2.75 | J70: Vagalume | K70: 45245 | L70: Marcos | N70: =IF(B70="","",SUM(B70+295)) -> 46272 | P70: 46032 | Q70: =IF(Tabela133[[#This Row],[Diagnóstico]]="Não Prenha",Tabela133[[#This Row],[Vaca]],"-") -> - | R70: =IF(Tabela133[[#This Row],[Diagnóstico]]="Não Prenha",Tabela133[[#This Row],[E.C.C DG]],"-") -> - | T70: =IF(Tabela133[[#This Row],[Diagnóstico]]="Não Prenha",Tabela133[[#This Row],[E.C.C. IA]],"-") -> - | U70: =IF(Tabela133[[#This Row],[Diagnóstico]]="Não Prenha",Tabela133[[#This Row],[Raça IA]],"-") -> - | W70: =Tabela133[[#This Row],[Categoria]] -> 0 | AB70: =IF(P70="","",SUM(P70+295)) -> 46327 | AE70: =IF(Tabela13124[[#This Row],[Diagnóstico]]="Não Prenha ",Tabela133[[#This Row],[Vaca]],"-") -> - | AK70: =Tabela133[[#This Row],[Categoria]] -> 0 | AP70: =IF(AD70="","",SUM(AD70+295))
A71: Solteiras | B71: 45977 | C71: 2300 | E71: Prenha | N71: =IF(B71="","",SUM(B71+295)) -> 46272 | P71: 46032 | Q71: =IF(Tabela133[[#This Row],[Diagnóstico]]="Não Prenha",Tabela133[[#This Row],[Vaca]],"-") -> - | R71: =IF(Tabela133[[#This Row],[Diagnóstico]]="Não Prenha",Tabela133[[#This Row],[E.C.C DG]],"-") -> - | T71: =IF(Tabela133[[#This Row],[Diagnóstico]]="Não Prenha",Tabela133[[#This Row],[E.C.C. IA]],"-") -> - | U71: =IF(Tabela133[[#This Row],[Diagnóstico]]="Não Prenha",Tabela133[[#This Row],[Raça IA]],"-") -> - | W71: =Tabela133[[#This Row],[Categoria]] -> 0 | AB71: =IF(P71="","",SUM(P71+295)) -> 46327 | AE71: =IF(Tabela13124[[#This Row],[Diagnóstico]]="Não Prenha ",Tabela133[[#This Row],[Vaca]],"-") -> - | AK71: =Tabela133[[#This Row],[Categoria]] -> 0 | AP71: =IF(AD71="","",SUM(AD71+295))
A72: Solteiras | B72: 45977 | C72: 2351 | E72: Não Prenha | F72: 2.75 | H72: Pgf | J72: Guapo | K72: 40232 | L72: Marcos | M72: uso 1 | N72: =IF(B72="","",SUM(B72+295)) -> 46272 | P72: 46032 | Q72: =IF(Tabela133[[#This Row],[Diagnóstico]]="Não Prenha",Tabela133[[#This Row],[Vaca]],"-") -> 2351 | R72: =IF(Tabela133[[#This Row],[Diagnóstico]]="Não Prenha",Tabela133[[#This Row],[E.C.C DG]],"-") -> 0 | T72: =IF(Tabela133[[#This Row],[Diagnóstico]]="Não Prenha",Tabela133[[#This Row],[E.C.C. IA]],"-") -> 2.75 | U72: =IF(Tabela133[[#This Row],[Diagnóstico]]="Não Prenha",Tabela133[[#This Row],[Raça IA]],"-") -> 0 | W72: =Tabela133[[#This Row],[Categoria]] -> 0 | X72: GUAPO | Y72: 40232 | AB72: =IF(P72="","",SUM(P72+295)) -> 46327 | AE72: =IF(Tabela13124[[#This Row],[Diagnóstico]]="Não Prenha ",Tabela133[[#This Row],[Vaca]],"-") -> - | AK72: =Tabela133[[#This Row],[Categoria]] -> 0 | AP72: =IF(AD72="","",SUM(AD72+295))
A73: Solteiras | B73: 45977 | C73: 2383 | E73: Não Prenha | F73: 2.75 | H73: Pgf | J73: Vagalume | K73: 45245 | L73: Marcos | N73: =IF(B73="","",SUM(B73+295)) -> 46272 | P73: 46032 | Q73: =IF(Tabela133[[#This Row],[Diagnóstico]]="Não Prenha",Tabela133[[#This Row],[Vaca]],"-") -> 2383 | R73: =IF(Tabela133[[#This Row],[Diagnóstico]]="Não Prenha",Tabela133[[#This Row],[E.C.C DG]],"-") -> 0 | T73: =IF(Tabela133[[#This Row],[Diagnóstico]]="Não Prenha",Tabela133[[#This Row],[E.C.C. IA]],"-") -> 2.75 | U73: =IF(Tabela133[[#This Row],[Diagnóstico]]="Não Prenha",Tabela133[[#This Row],[Raça IA]],"-") -> 0 | W73: =Tabela133[[#This Row],[Categoria]] -> 0 | X73: VAGALUME | Y73: 45210 | AB73: =IF(P73="","",SUM(P73+295)) -> 46327 | AE73: =IF(Tabela13124[[#This Row],[Diagnóstico]]="Não Prenha ",Tabela133[[#This Row],[Vaca]],"-") -> - | AK73: =Tabela133[[#This Row],[Categoria]] -> 0 | AP73: =IF(AD73="","",SUM(AD73+295))
A74: Solteiras | B74: 45977 | C74: 2434 | E74: Prenha | F74: 2.75 | H74: Pgf | J74: Vagalume | K74: 45245 | L74: Marcos | N74: =IF(B74="","",SUM(B74+295)) -> 46272 | P74: 46032 | Q74: =IF(Tabela133[[#This Row],[Diagnóstico]]="Não Prenha",Tabela133[[#This Row],[Vaca]],"-") -> - | R74: =IF(Tabela133[[#This Row],[Diagnóstico]]="Não Prenha",Tabela133[[#This Row],[E.C.C DG]],"-") -> - | T74: =IF(Tabela133[[#This Row],[Diagnóstico]]="Não Prenha",Tabela133[[#This Row],[E.C.C. IA]],"-") -> - | U74: =IF(Tabela133[[#This Row],[Diagnóstico]]="Não Prenha",Tabela133[[#This Row],[Raça IA]],"-") -> - | W74: =Tabela133[[#This Row],[Categoria]] -> 0 | AB74: =IF(P74="","",SUM(P74+295)) -> 46327 | AE74: =IF(Tabela13124[[#This Row],[Diagnóstico]]="Não Prenha ",Tabela133[[#This Row],[Vaca]],"-") -> - | AK74: =Tabela133[[#This Row],[Categoria]] -> 0 | AP74: =IF(AD74="","",SUM(AD74+295))
A75: Solteiras | B75: 45977 | C75: 2437 | E75: Não Prenha | F75: 2.5 | H75: Pgf | J75: Vagalume | K75: 45245 | L75: Marcos | N75: =IF(B75="","",SUM(B75+295)) -> 46272 | P75: 46032 | Q75: =IF(Tabela133[[#This Row],[Diagnóstico]]="Não Prenha",Tabela133[[#This Row],[Vaca]],"-") -> 2437 | R75: =IF(Tabela133[[#This Row],[Diagnóstico]]="Não Prenha",Tabela133[[#This Row],[E.C.C DG]],"-") -> 0 | T75: =IF(Tabela133[[#This Row],[Diagnóstico]]="Não Prenha",Tabela133[[#This Row],[E.C.C. IA]],"-") -> 2.5 | U75: =IF(Tabela133[[#This Row],[Diagnóstico]]="Não Prenha",Tabela133[[#This Row],[Raça IA]],"-") -> 0 | W75: =Tabela133[[#This Row],[Categoria]] -> 0 | AB75: =IF(P75="","",SUM(P75+295)) -> 46327 | AE75: =IF(Tabela13124[[#This Row],[Diagnóstico]]="Não Prenha ",Tabela133[[#This Row],[Vaca]],"-") -> - | AK75: =Tabela133[[#This Row],[Categoria]] -> 0 | AP75: =IF(AD75="","",SUM(AD75+295))
A76: Solteiras | B76: 45977 | C76: 2438 | E76: Não Prenha | F76: 2.5 | H76: Pgf | J76: Vagalume | K76: 45245 | L76: Marcos | N76: =IF(B76="","",SUM(B76+295)) -> 46272 | P76: 46032 | Q76: =IF(Tabela133[[#This Row],[Diagnóstico]]="Não Prenha",Tabela133[[#This Row],[Vaca]],"-") -> 2438 | R76: =IF(Tabela133[[#This Row],[Diagnóstico]]="Não Prenha",Tabela133[[#This Row],[E.C.C DG]],"-") -> 0 | T76: =IF(Tabela133[[#This Row],[Diagnóstico]]="Não Prenha",Tabela133[[#This Row],[E.C.C. IA]],"-") -> 2.5 | U76: =IF(Tabela133[[#This Row],[Diagnóstico]]="Não Prenha",Tabela133[[#This Row],[Raça IA]],"-") -> 0 | W76: =Tabela133[[#This Row],[Categoria]] -> 0 | AB76: =IF(P76="","",SUM(P76+295)) -> 46327 | AE76: =IF(Tabela13124[[#This Row],[Diagnóstico]]="Não Prenha ",Tabela133[[#This Row],[Vaca]],"-") -> - | AK76: =Tabela133[[#This Row],[Categoria]] -> 0 | AP76: =IF(AD76="","",SUM(AD76+295))
A77: Solteiras | B77: 45977 | C77: 2599 | E77: Não Prenha | F77: 2.5 | H77: Pgf | J77: Vagalume | K77: 45245 | L77: Marcos | M77: uso 1 | N77: =IF(B77="","",SUM(B77+295)) -> 46272 | P77: 46032 | Q77: =IF(Tabela133[[#This Row],[Diagnóstico]]="Não Prenha",Tabela133[[#This Row],[Vaca]],"-") -> 2599 | R77: =IF(Tabela133[[#This Row],[Diagnóstico]]="Não Prenha",Tabela133[[#This Row],[E.C.C DG]],"-") -> 0 | T77: =IF(Tabela133[[#This Row],[Diagnóstico]]="Não Prenha",Tabela133[[#This Row],[E.C.C. IA]],"-") -> 2.5 | U77: =IF(Tabela133[[#This Row],[Diagnóstico]]="Não Prenha",Tabela133[[#This Row],[Raça IA]],"-") -> 0 | W77: =Tabela133[[#This Row],[Categoria]] -> 0 | AB77: =IF(P77="","",SUM(P77+295)) -> 46327 | AE77: =IF(Tabela13124[[#This Row],[Diagnóstico]]="Não Prenha ",Tabela133[[#This Row],[Vaca]],"-") -> - | AK77: =Tabela133[[#This Row],[Categoria]] -> 0 | AP77: =IF(AD77="","",SUM(AD77+295))
A78: Solteiras | B78: 45977 | C78: 2607 | E78: Prenha | F78: 2.75 | H78: Pgf | J78: Vagalume | K78: 45245 | L78: Marcos | N78: =IF(B78="","",SUM(B78+295)) -> 46272 | P78: 46032 | Q78: =IF(Tabela133[[#This Row],[Diagnóstico]]="Não Prenha",Tabela133[[#This Row],[Vaca]],"-") -> - | R78: =IF(Tabela133[[#This Row],[Diagnóstico]]="Não Prenha",Tabela133[[#This Row],[E.C.C DG]],"-") -> - | T78: =IF(Tabela133[[#This Row],[Diagnóstico]]="Não Prenha",Tabela133[[#This Row],[E.C.C. IA]],"-") -> - | U78: =IF(Tabela133[[#This Row],[Diagnóstico]]="Não Prenha",Tabela133[[#This Row],[Raça IA]],"-") -> - | W78: =Tabela133[[#This Row],[Categoria]] -> 0 | AB78: =IF(P78="","",SUM(P78+295)) -> 46327 | AE78: =IF(Tabela13124[[#This Row],[Diagnóstico]]="Não Prenha ",Tabela133[[#This Row],[Vaca]],"-") -> - | AK78: =Tabela133[[#This Row],[Categoria]] -> 0 | AP78: =IF(AD78="","",SUM(AD78+295))
A79: Solteiras | B79: 45977 | C79: 2609 | E79: Não Prenha | F79: 3 | J79: Vagalume | K79: 45245 | L79: Marcos | N79: =IF(B79="","",SUM(B79+295)) -> 46272 | P79: 46032 | Q79: =IF(Tabela133[[#This Row],[Diagnóstico]]="Não Prenha",Tabela133[[#This Row],[Vaca]],"-") -> 2609 | R79: =IF(Tabela133[[#This Row],[Diagnóstico]]="Não Prenha",Tabela133[[#This Row],[E.C.C DG]],"-") -> 0 | T79: =IF(Tabela133[[#This Row],[Diagnóstico]]="Não Prenha",Tabela133[[#This Row],[E.C.C. IA]],"-") -> 3 | U79: =IF(Tabela133[[#This Row],[Diagnóstico]]="Não Prenha",Tabela133[[#This Row],[Raça IA]],"-") -> 0 | W79: =Tabela133[[#This Row],[Categoria]] -> 0 | X79: VAGALUME | Y79: 45210 | AB79: =IF(P79="","",SUM(P79+295)) -> 46327 | AE79: =IF(Tabela13124[[#This Row],[Diagnóstico]]="Não Prenha ",Tabela133[[#This Row],[Vaca]],"-") -> - | AK79: =Tabela133[[#This Row],[Categoria]] -> 0 | AP79: =IF(AD79="","",SUM(AD79+295))
A80: Solteiras | B80: 45977 | C80: 2613 | E80: Prenha | F80: 2.75 | J80: Vagalume | K80: 45245 | L80: Marcos | N80: =IF(B80="","",SUM(B80+295)) -> 46272 | P80: 46032 | Q80: =IF(Tabela133[[#This Row],[Diagnóstico]]="Não Prenha",Tabela133[[#This Row],[Vaca]],"-") -> - | R80: =IF(Tabela133[[#This Row],[Diagnóstico]]="Não Prenha",Tabela133[[#This Row],[E.C.C DG]],"-") -> - | T80: =IF(Tabela133[[#This Row],[Diagnóstico]]="Não Prenha",Tabela133[[#This Row],[E.C.C. IA]],"-") -> - | U80: =IF(Tabela133[[#This Row],[Diagnóstico]]="Não Prenha",Tabela133[[#This Row],[Raça IA]],"-") -> - | W80: =Tabela133[[#This Row],[Categoria]] -> 0 | AB80: =IF(P80="","",SUM(P80+295)) -> 46327 | AE80: =IF(Tabela13124[[#This Row],[Diagnóstico]]="Não Prenha ",Tabela133[[#This Row],[Vaca]],"-") -> - | AK80: =Tabela133[[#This Row],[Categoria]] -> 0 | AP80: =IF(AD80="","",SUM(AD80+295))
A81: Solteiras | B81: 45977 | C81: 2631 | E81: Prenha | N81: =IF(B81="","",SUM(B81+295)) -> 46272 | P81: 46032 | Q81: =IF(Tabela133[[#This Row],[Diagnóstico]]="Não Prenha",Tabela133[[#This Row],[Vaca]],"-") -> - | R81: =IF(Tabela133[[#This Row],[Diagnóstico]]="Não Prenha",Tabela133[[#This Row],[E.C.C DG]],"-") -> - | T81: =IF(Tabela133[[#This Row],[Diagnóstico]]="Não Prenha",Tabela133[[#This Row],[E.C.C. IA]],"-") -> - | U81: =IF(Tabela133[[#This Row],[Diagnóstico]]="Não Prenha",Tabela133[[#This Row],[Raça IA]],"-") -> - | W81: =Tabela133[[#This Row],[Categoria]] -> 0 | AB81: =IF(P81="","",SUM(P81+295)) -> 46327 | AE81: =IF(Tabela13124[[#This Row],[Diagnóstico]]="Não Prenha ",Tabela133[[#This Row],[Vaca]],"-") -> - | AK81: =Tabela133[[#This Row],[Categoria]] -> 0 | AP81: =IF(AD81="","",SUM(AD81+295))
A82: Solteiras | B82: 45977 | C82: 2654 | E82: Prenha | F82: 2.5 | H82: Pgf | J82: Vagalume | K82: 45245 | L82: Marcos | N82: =IF(B82="","",SUM(B82+295)) -> 46272 | P82: 46032 | Q82: =IF(Tabela133[[#This Row],[Diagnóstico]]="Não Prenha",Tabela133[[#This Row],[Vaca]],"-") -> - | R82: =IF(Tabela133[[#This Row],[Diagnóstico]]="Não Prenha",Tabela133[[#This Row],[E.C.C DG]],"-") -> - | T82: =IF(Tabela133[[#This Row],[Diagnóstico]]="Não Prenha",Tabela133[[#This Row],[E.C.C. IA]],"-") -> - | U82: =IF(Tabela133[[#This Row],[Diagnóstico]]="Não Prenha",Tabela133[[#This Row],[Raça IA]],"-") -> - | W82: =Tabela133[[#This Row],[Categoria]] -> 0 | AB82: =IF(P82="","",SUM(P82+295)) -> 46327 | AE82: =IF(Tabela13124[[#This Row],[Diagnóstico]]="Não Prenha ",Tabela133[[#This Row],[Vaca]],"-") -> - | AK82: =Tabela133[[#This Row],[Categoria]] -> 0 | AP82: =IF(AD82="","",SUM(AD82+295))
A83: Solteiras | B83: 45977 | C83: 2677 | E83: Não Prenha | F83: 2.75 | J83: Vagalume | K83: 45245 | L83: Marcos | N83: =IF(B83="","",SUM(B83+295)) -> 46272 | P83: 46032 | Q83: =IF(Tabela133[[#This Row],[Diagnóstico]]="Não Prenha",Tabela133[[#This Row],[Vaca]],"-") -> 2677 | R83: =IF(Tabela133[[#This Row],[Diagnóstico]]="Não Prenha",Tabela133[[#This Row],[E.C.C DG]],"-") -> 0 | T83: =IF(Tabela133[[#This Row],[Diagnóstico]]="Não Prenha",Tabela133[[#This Row],[E.C.C. IA]],"-") -> 2.75 | U83: =IF(Tabela133[[#This Row],[Diagnóstico]]="Não Prenha",Tabela133[[#This Row],[Raça IA]],"-") -> 0 | W83: =Tabela133[[#This Row],[Categoria]] -> 0 | AB83: =IF(P83="","",SUM(P83+295)) -> 46327 | AE83: =IF(Tabela13124[[#This Row],[Diagnóstico]]="Não Prenha ",Tabela133[[#This Row],[Vaca]],"-") -> - | AK83: =Tabela133[[#This Row],[Categoria]] -> 0 | AP83: =IF(AD83="","",SUM(AD83+295))
A84: Solteiras | B84: 45977 | C84: 2680 | E84: Prenha | F84: 2.75 | H84: Pgf | J84: Vagalume | K84: 45245 | L84: Marcos | N84: =IF(B84="","",SUM(B84+295)) -> 46272 | P84: 46032 | Q84: =IF(Tabela133[[#This Row],[Diagnóstico]]="Não Prenha",Tabela133[[#This Row],[Vaca]],"-") -> - | R84: =IF(Tabela133[[#This Row],[Diagnóstico]]="Não Prenha",Tabela133[[#This Row],[E.C.C DG]],"-") -> - | T84: =IF(Tabela133[[#This Row],[Diagnóstico]]="Não Prenha",Tabela133[[#This Row],[E.C.C. IA]],"-") -> - | U84: =IF(Tabela133[[#This Row],[Diagnóstico]]="Não Prenha",Tabela133[[#This Row],[Raça IA]],"-") -> - | W84: =Tabela133[[#This Row],[Categoria]] -> 0 | AB84: =IF(P84="","",SUM(P84+295)) -> 46327 | AE84: =IF(Tabela13124[[#This Row],[Diagnóstico]]="Não Prenha ",Tabela133[[#This Row],[Vaca]],"-") -> - | AK84: =Tabela133[[#This Row],[Categoria]] -> 0 | AP84: =IF(AD84="","",SUM(AD84+295))
A85: Solteiras | B85: 45977 | C85: 2769 | E85: Não Prenha | F85: 2.5 | H85: Pgf | J85: Vagalume | K85: 45245 | L85: Marcos | N85: =IF(B85="","",SUM(B85+295)) -> 46272 | P85: 46032 | Q85: =IF(Tabela133[[#This Row],[Diagnóstico]]="Não Prenha",Tabela133[[#This Row],[Vaca]],"-") -> 2769 | R85: =IF(Tabela133[[#This Row],[Diagnóstico]]="Não Prenha",Tabela133[[#This Row],[E.C.C DG]],"-") -> 0 | T85: =IF(Tabela133[[#This Row],[Diagnóstico]]="Não Prenha",Tabela133[[#This Row],[E.C.C. IA]],"-") -> 2.5 | U85: =IF(Tabela133[[#This Row],[Diagnóstico]]="Não Prenha",Tabela133[[#This Row],[Raça IA]],"-") -> 0 | W85: =Tabela133[[#This Row],[Categoria]] -> 0 | X85: VAGALUME | Y85: 45210 | AB85: =IF(P85="","",SUM(P85+295)) -> 46327 | AE85: =IF(Tabela13124[[#This Row],[Diagnóstico]]="Não Prenha ",Tabela133[[#This Row],[Vaca]],"-") -> - | AK85: =Tabela133[[#This Row],[Categoria]] -> 0 | AP85: =IF(AD85="","",SUM(AD85+295))
A86: Solteiras | B86: 45977 | C86: 2828 | E86: Prenha | F86: 2.75 | H86: Pgf | J86: Vagalume | K86: 45245 | L86: Marcos | N86: =IF(B86="","",SUM(B86+295)) -> 46272 | P86: 46032 | Q86: =IF(Tabela133[[#This Row],[Diagnóstico]]="Não Prenha",Tabela133[[#This Row],[Vaca]],"-") -> - | R86: =IF(Tabela133[[#This Row],[Diagnóstico]]="Não Prenha",Tabela133[[#This Row],[E.C.C DG]],"-") -> - | T86: =IF(Tabela133[[#This Row],[Diagnóstico]]="Não Prenha",Tabela133[[#This Row],[E.C.C. IA]],"-") -> - | U86: =IF(Tabela133[[#This Row],[Diagnóstico]]="Não Prenha",Tabela133[[#This Row],[Raça IA]],"-") -> - | W86: =Tabela133[[#This Row],[Categoria]] -> 0 | AB86: =IF(P86="","",SUM(P86+295)) -> 46327 | AE86: =IF(Tabela13124[[#This Row],[Diagnóstico]]="Não Prenha ",Tabela133[[#This Row],[Vaca]],"-") -> - | AK86: =Tabela133[[#This Row],[Categoria]] -> 0 | AP86: =IF(AD86="","",SUM(AD86+295))
A87: Solteiras | B87: 45977 | C87: 2838 | E87: Não Prenha | F87: 2.75 | H87: Pgf | J87: Vagalume | K87: 45245 | L87: Marcos | N87: =IF(B87="","",SUM(B87+295)) -> 46272 | P87: 46032 | Q87: =IF(Tabela133[[#This Row],[Diagnóstico]]="Não Prenha",Tabela133[[#This Row],[Vaca]],"-") -> 2838 | R87: =IF(Tabela133[[#This Row],[Diagnóstico]]="Não Prenha",Tabela133[[#This Row],[E.C.C DG]],"-") -> 0 | T87: =IF(Tabela133[[#This Row],[Diagnóstico]]="Não Prenha",Tabela133[[#This Row],[E.C.C. IA]],"-") -> 2.75 | U87: =IF(Tabela133[[#This Row],[Diagnóstico]]="Não Prenha",Tabela133[[#This Row],[Raça IA]],"-") -> 0 | W87: =Tabela133[[#This Row],[Categoria]] -> 0 | X87: VAGALUME | Y87: 45210 | AB87: =IF(P87="","",SUM(P87+295)) -> 46327 | AE87: =IF(Tabela13124[[#This Row],[Diagnóstico]]="Não Prenha ",Tabela133[[#This Row],[Vaca]],"-") -> - | AK87: =Tabela133[[#This Row],[Categoria]] -> 0 | AP87: =IF(AD87="","",SUM(AD87+295))
A88: Solteiras | B88: 45977 | C88: 2891 | E88: Não Prenha | H88: Pgf | M88: uso 1 | N88: =IF(B88="","",SUM(B88+295)) -> 46272 | P88: 46032 | Q88: =IF(Tabela133[[#This Row],[Diagnóstico]]="Não Prenha",Tabela133[[#This Row],[Vaca]],"-") -> 2891 | R88: =IF(Tabela133[[#This Row],[Diagnóstico]]="Não Prenha",Tabela133[[#This Row],[E.C.C DG]],"-") -> 0 | T88: =IF(Tabela133[[#This Row],[Diagnóstico]]="Não Prenha",Tabela133[[#This Row],[E.C.C. IA]],"-") -> 0 | U88: =IF(Tabela133[[#This Row],[Diagnóstico]]="Não Prenha",Tabela133[[#This Row],[Raça IA]],"-") -> 0 | W88: =Tabela133[[#This Row],[Categoria]] -> 0 | AB88: =IF(P88="","",SUM(P88+295)) -> 46327 | AE88: =IF(Tabela13124[[#This Row],[Diagnóstico]]="Não Prenha ",Tabela133[[#This Row],[Vaca]],"-") -> - | AK88: =Tabela133[[#This Row],[Categoria]] -> 0 | AP88: =IF(AD88="","",SUM(AD88+295))
A89: Solteiras | B89: 45977 | C89: 3027 | E89: Não Prenha | F89: 2.75 | H89: Pgf | J89: Vagalume | K89: 45245 | L89: Marcos | N89: =IF(B89="","",SUM(B89+295)) -> 46272 | P89: 46032 | Q89: =IF(Tabela133[[#This Row],[Diagnóstico]]="Não Prenha",Tabela133[[#This Row],[Vaca]],"-") -> 3027 | R89: =IF(Tabela133[[#This Row],[Diagnóstico]]="Não Prenha",Tabela133[[#This Row],[E.C.C DG]],"-") -> 0 | T89: =IF(Tabela133[[#This Row],[Diagnóstico]]="Não Prenha",Tabela133[[#This Row],[E.C.C. IA]],"-") -> 2.75 | U89: =IF(Tabela133[[#This Row],[Diagnóstico]]="Não Prenha",Tabela133[[#This Row],[Raça IA]],"-") -> 0 | W89: =Tabela133[[#This Row],[Categoria]] -> 0 | X89: VAGALUME | Y89: 45210 | AB89: =IF(P89="","",SUM(P89+295)) -> 46327 | AE89: =IF(Tabela13124[[#This Row],[Diagnóstico]]="Não Prenha ",Tabela133[[#This Row],[Vaca]],"-") -> - | AK89: =Tabela133[[#This Row],[Categoria]] -> 0 | AP89: =IF(AD89="","",SUM(AD89+295))
A90: Solteiras | B90: 45977 | C90: 3104 | E90: Não Prenha | F90: 2.75 | J90: Vagalume | K90: 45245 | L90: Marcos | N90: =IF(B90="","",SUM(B90+295)) -> 46272 | P90: 46032 | Q90: =IF(Tabela133[[#This Row],[Diagnóstico]]="Não Prenha",Tabela133[[#This Row],[Vaca]],"-") -> 3104 | R90: =IF(Tabela133[[#This Row],[Diagnóstico]]="Não Prenha",Tabela133[[#This Row],[E.C.C DG]],"-") -> 0 | T90: =IF(Tabela133[[#This Row],[Diagnóstico]]="Não Prenha",Tabela133[[#This Row],[E.C.C. IA]],"-") -> 2.75 | U90: =IF(Tabela133[[#This Row],[Diagnóstico]]="Não Prenha",Tabela133[[#This Row],[Raça IA]],"-") -> 0 | W90: =Tabela133[[#This Row],[Categoria]] -> 0 | AB90: =IF(P90="","",SUM(P90+295)) -> 46327 | AE90: =IF(Tabela13124[[#This Row],[Diagnóstico]]="Não Prenha ",Tabela133[[#This Row],[Vaca]],"-") -> - | AK90: =Tabela133[[#This Row],[Categoria]] -> 0 | AP90: =IF(AD90="","",SUM(AD90+295))
A91: Solteiras | B91: 45977 | C91: 3298 | E91: Prenha | F91: 2.75 | J91: Guapo | K91: 40232 | L91: Marcos | N91: =IF(B91="","",SUM(B91+295)) -> 46272 | P91: 46032 | Q91: =IF(Tabela133[[#This Row],[Diagnóstico]]="Não Prenha",Tabela133[[#This Row],[Vaca]],"-") -> - | R91: =IF(Tabela133[[#This Row],[Diagnóstico]]="Não Prenha",Tabela133[[#This Row],[E.C.C DG]],"-") -> - | T91: =IF(Tabela133[[#This Row],[Diagnóstico]]="Não Prenha",Tabela133[[#This Row],[E.C.C. IA]],"-") -> - | U91: =IF(Tabela133[[#This Row],[Diagnóstico]]="Não Prenha",Tabela133[[#This Row],[Raça IA]],"-") -> - | W91: =Tabela133[[#This Row],[Categoria]] -> 0 | AB91: =IF(P91="","",SUM(P91+295)) -> 46327 | AE91: =IF(Tabela13124[[#This Row],[Diagnóstico]]="Não Prenha ",Tabela133[[#This Row],[Vaca]],"-") -> - | AK91: =Tabela133[[#This Row],[Categoria]] -> 0 | AP91: =IF(AD91="","",SUM(AD91+295))
A92: Solteiras | B92: 45977 | C92: 3446 | N92: =IF(B92="","",SUM(B92+295)) -> 46272 | P92: 46032 | Q92: =IF(Tabela133[[#This Row],[Diagnóstico]]="Não Prenha",Tabela133[[#This Row],[Vaca]],"-") -> - | R92: =IF(Tabela133[[#This Row],[Diagnóstico]]="Não Prenha",Tabela133[[#This Row],[E.C.C DG]],"-") -> - | T92: =IF(Tabela133[[#This Row],[Diagnóstico]]="Não Prenha",Tabela133[[#This Row],[E.C.C. IA]],"-") -> - | U92: =IF(Tabela133[[#This Row],[Diagnóstico]]="Não Prenha",Tabela133[[#This Row],[Raça IA]],"-") -> - | W92: =Tabela133[[#This Row],[Categoria]] -> 0 | AB92: =IF(P92="","",SUM(P92+295)) -> 46327 | AE92: =IF(Tabela13124[[#This Row],[Diagnóstico]]="Não Prenha ",Tabela133[[#This Row],[Vaca]],"-") -> - | AK92: =Tabela133[[#This Row],[Categoria]] -> 0 | AP92: =IF(AD92="","",SUM(AD92+295))
A93: Solteiras | B93: 45977 | C93: 3701 | E93: Não Prenha | F93: 2.75 | H93: Pgf | J93: Vagalume | K93: 45245 | L93: Marcos | M93: uso 1 | N93: =IF(B93="","",SUM(B93+295)) -> 46272 | P93: 46032 | Q93: =IF(Tabela133[[#This Row],[Diagnóstico]]="Não Prenha",Tabela133[[#This Row],[Vaca]],"-") -> 3701 | R93: =IF(Tabela133[[#This Row],[Diagnóstico]]="Não Prenha",Tabela133[[#This Row],[E.C.C DG]],"-") -> 0 | T93: =IF(Tabela133[[#This Row],[Diagnóstico]]="Não Prenha",Tabela133[[#This Row],[E.C.C. IA]],"-") -> 2.75 | U93: =IF(Tabela133[[#This Row],[Diagnóstico]]="Não Prenha",Tabela133[[#This Row],[Raça IA]],"-") -> 0 | W93: =Tabela133[[#This Row],[Categoria]] -> 0 | AB93: =IF(P93="","",SUM(P93+295)) -> 46327 | AE93: =IF(Tabela13124[[#This Row],[Diagnóstico]]="Não Prenha ",Tabela133[[#This Row],[Vaca]],"-") -> - | AK93: =Tabela133[[#This Row],[Categoria]] -> 0 | AP93: =IF(AD93="","",SUM(AD93+295))
A94: Solteiras | B94: 45977 | C94: 3768 | E94: Não Prenha | F94: 2.75 | J94: Vagalume | K94: 45245 | L94: Marcos | N94: =IF(B94="","",SUM(B94+295)) -> 46272 | P94: 46032 | Q94: =IF(Tabela133[[#This Row],[Diagnóstico]]="Não Prenha",Tabela133[[#This Row],[Vaca]],"-") -> 3768 | R94: =IF(Tabela133[[#This Row],[Diagnóstico]]="Não Prenha",Tabela133[[#This Row],[E.C.C DG]],"-") -> 0 | T94: =IF(Tabela133[[#This Row],[Diagnóstico]]="Não Prenha",Tabela133[[#This Row],[E.C.C. IA]],"-") -> 2.75 | U94: =IF(Tabela133[[#This Row],[Diagnóstico]]="Não Prenha",Tabela133[[#This Row],[Raça IA]],"-") -> 0 | W94: =Tabela133[[#This Row],[Categoria]] -> 0 | AB94: =IF(P94="","",SUM(P94+295)) -> 46327 | AE94: =IF(Tabela13124[[#This Row],[Diagnóstico]]="Não Prenha ",Tabela133[[#This Row],[Vaca]],"-") -> - | AK94: =Tabela133[[#This Row],[Categoria]] -> 0 | AP94: =IF(AD94="","",SUM(AD94+295))
A95: Solteiras | B95: 45977 | C95: 4174 | E95: Não Prenha | F95: 3 | H95: Pgf | J95: Guapo | K95: 40232 | L95: Marcos | N95: =IF(B95="","",SUM(B95+295)) -> 46272 | P95: 46032 | Q95: =IF(Tabela133[[#This Row],[Diagnóstico]]="Não Prenha",Tabela133[[#This Row],[Vaca]],"-") -> 4174 | R95: =IF(Tabela133[[#This Row],[Diagnóstico]]="Não Prenha",Tabela133[[#This Row],[E.C.C DG]],"-") -> 0 | T95: =IF(Tabela133[[#This Row],[Diagnóstico]]="Não Prenha",Tabela133[[#This Row],[E.C.C. IA]],"-") -> 3 | U95: =IF(Tabela133[[#This Row],[Diagnóstico]]="Não Prenha",Tabela133[[#This Row],[Raça IA]],"-") -> 0 | W95: =Tabela133[[#This Row],[Categoria]] -> 0 | X95: GUAPO | Y95: 40232 | AB95: =IF(P95="","",SUM(P95+295)) -> 46327 | AE95: =IF(Tabela13124[[#This Row],[Diagnóstico]]="Não Prenha ",Tabela133[[#This Row],[Vaca]],"-") -> - | AK95: =Tabela133[[#This Row],[Categoria]] -> 0 | AP95: =IF(AD95="","",SUM(AD95+295))
A96: Solteiras | B96: 45977 | C96: 4185 | E96: Não Prenha | F96: 3g | H96: Pgf | J96: Guapo | K96: 40232 | L96: Marcos | N96: =IF(B96="","",SUM(B96+295)) -> 46272 | P96: 46032 | Q96: =IF(Tabela133[[#This Row],[Diagnóstico]]="Não Prenha",Tabela133[[#This Row],[Vaca]],"-") -> 4185 | R96: =IF(Tabela133[[#This Row],[Diagnóstico]]="Não Prenha",Tabela133[[#This Row],[E.C.C DG]],"-") -> 0 | T96: =IF(Tabela133[[#This Row],[Diagnóstico]]="Não Prenha",Tabela133[[#This Row],[E.C.C. IA]],"-") -> 3g | U96: =IF(Tabela133[[#This Row],[Diagnóstico]]="Não Prenha",Tabela133[[#This Row],[Raça IA]],"-") -> 0 | W96: =Tabela133[[#This Row],[Categoria]] -> 0 | X96: GUAPO | Y96: 40232 | AB96: =IF(P96="","",SUM(P96+295)) -> 46327 | AE96: =IF(Tabela13124[[#This Row],[Diagnóstico]]="Não Prenha ",Tabela133[[#This Row],[Vaca]],"-") -> - | AK96: =Tabela133[[#This Row],[Categoria]] -> 0 | AP96: =IF(AD96="","",SUM(AD96+295))
A97: Solteiras | B97: 45977 | C97: 4242 | E97: Não Prenha | F97: 2.75 | H97: Pgf | J97: Guapo | K97: 40232 | L97: Marcos | N97: =IF(B97="","",SUM(B97+295)) -> 46272 | P97: 46032 | Q97: =IF(Tabela133[[#This Row],[Diagnóstico]]="Não Prenha",Tabela133[[#This Row],[Vaca]],"-") -> 4242 | R97: =IF(Tabela133[[#This Row],[Diagnóstico]]="Não Prenha",Tabela133[[#This Row],[E.C.C DG]],"-") -> 0 | T97: =IF(Tabela133[[#This Row],[Diagnóstico]]="Não Prenha",Tabela133[[#This Row],[E.C.C. IA]],"-") -> 2.75 | U97: =IF(Tabela133[[#This Row],[Diagnóstico]]="Não Prenha",Tabela133[[#This Row],[Raça IA]],"-") -> 0 | W97: =Tabela133[[#This Row],[Categoria]] -> 0 | X97: GUAPO | Y97: 40232 | AB97: =IF(P97="","",SUM(P97+295)) -> 46327 | AE97: =IF(Tabela13124[[#This Row],[Diagnóstico]]="Não Prenha ",Tabela133[[#This Row],[Vaca]],"-") -> - | AK97: =Tabela133[[#This Row],[Categoria]] -> 0 | AP97: =IF(AD97="","",SUM(AD97+295))
A98: Solteiras | B98: 45977 | C98: 4487 | E98: Prenha | N98: =IF(B98="","",SUM(B98+295)) -> 46272 | P98: 46032 | Q98: =IF(Tabela133[[#This Row],[Diagnóstico]]="Não Prenha",Tabela133[[#This Row],[Vaca]],"-") -> - | R98: =IF(Tabela133[[#This Row],[Diagnóstico]]="Não Prenha",Tabela133[[#This Row],[E.C.C DG]],"-") -> - | T98: =IF(Tabela133[[#This Row],[Diagnóstico]]="Não Prenha",Tabela133[[#This Row],[E.C.C. IA]],"-") -> - | U98: =IF(Tabela133[[#This Row],[Diagnóstico]]="Não Prenha",Tabela133[[#This Row],[Raça IA]],"-") -> - | W98: =Tabela133[[#This Row],[Categoria]] -> 0 | AB98: =IF(P98="","",SUM(P98+295)) -> 46327 | AE98: =IF(Tabela13124[[#This Row],[Diagnóstico]]="Não Prenha ",Tabela133[[#This Row],[Vaca]],"-") -> - | AK98: =Tabela133[[#This Row],[Categoria]] -> 0 | AP98: =IF(AD98="","",SUM(AD98+295))
A99: Solteiras | B99: 45977 | C99: 8769 | E99: Prenha | F99: 3 | H99: Pgf | J99: Vagalume | K99: 45245 | L99: Marcos | N99: =IF(B99="","",SUM(B99+295)) -> 46272 | P99: 46032 | Q99: =IF(Tabela133[[#This Row],[Diagnóstico]]="Não Prenha",Tabela133[[#This Row],[Vaca]],"-") -> - | R99: =IF(Tabela133[[#This Row],[Diagnóstico]]="Não Prenha",Tabela133[[#This Row],[E.C.C DG]],"-") -> - | T99: =IF(Tabela133[[#This Row],[Diagnóstico]]="Não Prenha",Tabela133[[#This Row],[E.C.C. IA]],"-") -> - | U99: =IF(Tabela133[[#This Row],[Diagnóstico]]="Não Prenha",Tabela133[[#This Row],[Raça IA]],"-") -> - | W99: =Tabela133[[#This Row],[Categoria]] -> 0 | AB99: =IF(P99="","",SUM(P99+295)) -> 46327 | AE99: =IF(Tabela13124[[#This Row],[Diagnóstico]]="Não Prenha ",Tabela133[[#This Row],[Vaca]],"-") -> - | AK99: =Tabela133[[#This Row],[Categoria]] -> 0 | AP99: =IF(AD99="","",SUM(AD99+295))
A100: Solteiras | B100: 45977 | C100: S/N | H100: Pgf | N100: =IF(B100="","",SUM(B100+295)) -> 46272 | P100: 46032 | Q100: =IF(Tabela133[[#This Row],[Diagnóstico]]="Não Prenha",Tabela133[[#This Row],[Vaca]],"-") -> - | R100: =IF(Tabela133[[#This Row],[Diagnóstico]]="Não Prenha",Tabela133[[#This Row],[E.C.C DG]],"-") -> - | T100: =IF(Tabela133[[#This Row],[Diagnóstico]]="Não Prenha",Tabela133[[#This Row],[E.C.C. IA]],"-") -> - | U100: =IF(Tabela133[[#This Row],[Diagnóstico]]="Não Prenha",Tabela133[[#This Row],[Raça IA]],"-") -> - | W100: =Tabela133[[#This Row],[Categoria]] -> 0 | AB100: =IF(P100="","",SUM(P100+295)) -> 46327 | AE100: =IF(Tabela13124[[#This Row],[Diagnóstico]]="Não Prenha ",Tabela133[[#This Row],[Vaca]],"-") -> - | AK100: =Tabela133[[#This Row],[Categoria]] -> 0 | AP100: =IF(AD100="","",SUM(AD100+295))
...

Sheet Lote 04
A1: Lote | B1: Data IA | C1: Vaca | D1: E.C.C DG | E1: Diagnóstico | F1: E.C.C. IA | G1: Raça IA | H1: CIO | I1: Categoria | J1: Touro | K1: Partida | L1: Inseminador | M1: Observação | N1: Previsão de Parto | P1: Data IA | Q1: Vaca | R1: E.C.C DG | S1: Diagnóstico | T1: E.C.C. IA | U1: Raça IA | V1: CIO | W1: Categoria | X1: Touro | Y1: Partida | Z1: Inseminador | AA1: Observação | AB1: Previsão de Parto | AD1: Data IA | AE1: Vaca | AF1: E.C.C DG | AG1: Diagnóstico | AH1: E.C.C. IA | AI1: Raça IA | AJ1: CIO | AK1: Categoria | AL1: Touro | AM1: Partida | AN1: Inseminador | AO1: Observação | AP1: Previsão de Parto
A2: Novilhas | B2: 46003 | C2: 87 | J2: Vagalume | M2: inf | N2: =IF(B2="","",SUM(B2+295)) -> 46298 | Q2: =IF(Tabela1339[[#This Row],[Diagnóstico]]="Não Prenha",Tabela1339[[#This Row],[Vaca]],"-") -> - | R2: =IF(Tabela1339[[#This Row],[Diagnóstico]]="Não Prenha",Tabela1339[[#This Row],[E.C.C DG]],"-") -> - | T2: =IF(Tabela1339[[#This Row],[Diagnóstico]]="Não Prenha",Tabela1339[[#This Row],[E.C.C. IA]],"-") -> - | U2: =IF(Tabela1339[[#This Row],[Diagnóstico]]="Não Prenha",Tabela1339[[#This Row],[Raça IA]],"-") -> - | W2: =Tabela1339[[#This Row],[Categoria]] -> 0 | AB2: =IF(P2="","",SUM(P2+295)) | AE2: =IF(Tabela1312410[[#This Row],[Diagnóstico]]="Não Prenha ",Tabela1339[[#This Row],[Vaca]],"-") -> - | AK2: =Tabela1339[[#This Row],[Categoria]] -> 0 | AP2: =IF(AD2="","",SUM(AD2+295))
A3: Novilhas | B3: 46003 | C3: 3251 | F3: 2.75 | J3: Vagalume | K3: 45246 | M3: fl | N3: =IF(B3="","",SUM(B3+295)) -> 46298 | Q3: =IF(Tabela1339[[#This Row],[Diagnóstico]]="Não Prenha",Tabela1339[[#This Row],[Vaca]],"-") -> - | R3: =IF(Tabela1339[[#This Row],[Diagnóstico]]="Não Prenha",Tabela1339[[#This Row],[E.C.C DG]],"-") -> - | T3: =IF(Tabela1339[[#This Row],[Diagnóstico]]="Não Prenha",Tabela1339[[#This Row],[E.C.C. IA]],"-") -> - | U3: =IF(Tabela1339[[#This Row],[Diagnóstico]]="Não Prenha",Tabela1339[[#This Row],[Raça IA]],"-") -> - | W3: =Tabela1339[[#This Row],[Categoria]] -> 0 | AB3: =IF(P3="","",SUM(P3+295)) | AE3: =IF(Tabela1312410[[#This Row],[Diagnóstico]]="Não Prenha ",Tabela1339[[#This Row],[Vaca]],"-") -> - | AK3: =Tabela1339[[#This Row],[Categoria]] -> 0 | AP3: =IF(AD3="","",SUM(AD3+295))
A4: Novilhas | B4: 46003 | C4: 3292 | F4: 3 | J4: Guapo | K4: 40260 | M4: fl | N4: =IF(B4="","",SUM(B4+295)) -> 46298 | Q4: =IF(Tabela1339[[#This Row],[Diagnóstico]]="Não Prenha",Tabela1339[[#This Row],[Vaca]],"-") -> - | R4: =IF(Tabela1339[[#This Row],[Diagnóstico]]="Não Prenha",Tabela1339[[#This Row],[E.C.C DG]],"-") -> - | T4: =IF(Tabela1339[[#This Row],[Diagnóstico]]="Não Prenha",Tabela1339[[#This Row],[E.C.C. IA]],"-") -> - | U4: =IF(Tabela1339[[#This Row],[Diagnóstico]]="Não Prenha",Tabela1339[[#This Row],[Raça IA]],"-") -> - | W4: =Tabela1339[[#This Row],[Categoria]] -> 0 | AB4: =IF(P4="","",SUM(P4+295)) | AE4: =IF(Tabela1312410[[#This Row],[Diagnóstico]]="Não Prenha ",Tabela1339[[#This Row],[Vaca]],"-") -> - | AK4: =Tabela1339[[#This Row],[Categoria]] -> 0 | AP4: =IF(AD4="","",SUM(AD4+295))
A5: Novilhas | B5: 46003 | C5: 4027 | F5: 3 | J5: Vagalume | K5: 45246 | M5: cl | N5: =IF(B5="","",SUM(B5+295)) -> 46298 | Q5: =IF(Tabela1339[[#This Row],[Diagnóstico]]="Não Prenha",Tabela1339[[#This Row],[Vaca]],"-") -> - | R5: =IF(Tabela1339[[#This Row],[Diagnóstico]]="Não Prenha",Tabela1339[[#This Row],[E.C.C DG]],"-") -> - | T5: =IF(Tabela1339[[#This Row],[Diagnóstico]]="Não Prenha",Tabela1339[[#This Row],[E.C.C. IA]],"-") -> - | U5: =IF(Tabela1339[[#This Row],[Diagnóstico]]="Não Prenha",Tabela1339[[#This Row],[Raça IA]],"-") -> - | W5: =Tabela1339[[#This Row],[Categoria]] -> 0 | AB5: =IF(P5="","",SUM(P5+295)) | AE5: =IF(Tabela1312410[[#This Row],[Diagnóstico]]="Não Prenha ",Tabela1339[[#This Row],[Vaca]],"-") -> - | AK5: =Tabela1339[[#This Row],[Categoria]] -> 0 | AP5: =IF(AD5="","",SUM(AD5+295))
A6: Novilhas | B6: 46003 | C6: 4051 | F6: 2.75 | J6: Guapo | K6: 40260 | M6: cl | N6: =IF(B6="","",SUM(B6+295)) -> 46298 | Q6: =IF(Tabela1339[[#This Row],[Diagnóstico]]="Não Prenha",Tabela1339[[#This Row],[Vaca]],"-") -> - | R6: =IF(Tabela1339[[#This Row],[Diagnóstico]]="Não Prenha",Tabela1339[[#This Row],[E.C.C DG]],"-") -> - | T6: =IF(Tabela1339[[#This Row],[Diagnóstico]]="Não Prenha",Tabela1339[[#This Row],[E.C.C. IA]],"-") -> - | U6: =IF(Tabela1339[[#This Row],[Diagnóstico]]="Não Prenha",Tabela1339[[#This Row],[Raça IA]],"-") -> - | W6: =Tabela1339[[#This Row],[Categoria]] -> 0 | AB6: =IF(P6="","",SUM(P6+295)) | AE6: =IF(Tabela1312410[[#This Row],[Diagnóstico]]="Não Prenha ",Tabela1339[[#This Row],[Vaca]],"-") -> - | AK6: =Tabela1339[[#This Row],[Categoria]] -> 0 | AP6: =IF(AD6="","",SUM(AD6+295))
A7: Novilhas | B7: 46003 | C7: 4064 | F7: 2.75 | J7: Guapo | K7: 40260 | M7: cl | N7: =IF(B7="","",SUM(B7+295)) -> 46298 | Q7: =IF(Tabela1339[[#This Row],[Diagnóstico]]="Não Prenha",Tabela1339[[#This Row],[Vaca]],"-") -> - | R7: =IF(Tabela1339[[#This Row],[Diagnóstico]]="Não Prenha",Tabela1339[[#This Row],[E.C.C DG]],"-") -> - | T7: =IF(Tabela1339[[#This Row],[Diagnóstico]]="Não Prenha",Tabela1339[[#This Row],[E.C.C. IA]],"-") -> - | U7: =IF(Tabela1339[[#This Row],[Diagnóstico]]="Não Prenha",Tabela1339[[#This Row],[Raça IA]],"-") -> - | W7: =Tabela1339[[#This Row],[Categoria]] -> 0 | AB7: =IF(P7="","",SUM(P7+295)) | AE7: =IF(Tabela1312410[[#This Row],[Diagnóstico]]="Não Prenha ",Tabela1339[[#This Row],[Vaca]],"-") -> - | AK7: =Tabela1339[[#This Row],[Categoria]] -> 0 | AP7: =IF(AD7="","",SUM(AD7+295))
A8: Novilhas | B8: 46003 | C8: 4082 | F8: 3 | J8: Guapo | K8: 40260 | M8: cl | N8: =IF(B8="","",SUM(B8+295)) -> 46298 | Q8: =IF(Tabela1339[[#This Row],[Diagnóstico]]="Não Prenha",Tabela1339[[#This Row],[Vaca]],"-") -> - | R8: =IF(Tabela1339[[#This Row],[Diagnóstico]]="Não Prenha",Tabela1339[[#This Row],[E.C.C DG]],"-") -> - | T8: =IF(Tabela1339[[#This Row],[Diagnóstico]]="Não Prenha",Tabela1339[[#This Row],[E.C.C. IA]],"-") -> - | U8: =IF(Tabela1339[[#This Row],[Diagnóstico]]="Não Prenha",Tabela1339[[#This Row],[Raça IA]],"-") -> - | W8: =Tabela1339[[#This Row],[Categoria]] -> 0 | AB8: =IF(P8="","",SUM(P8+295)) | AE8: =IF(Tabela1312410[[#This Row],[Diagnóstico]]="Não Prenha ",Tabela1339[[#This Row],[Vaca]],"-") -> - | AK8: =Tabela1339[[#This Row],[Categoria]] -> 0 | AP8: =IF(AD8="","",SUM(AD8+295))
A9: Novilhas | B9: 46003 | C9: 4200 | F9: 2.75 | J9: Guapo | K9: 40260 | M9: fl | N9: =IF(B9="","",SUM(B9+295)) -> 46298 | Q9: =IF(Tabela1339[[#This Row],[Diagnóstico]]="Não Prenha",Tabela1339[[#This Row],[Vaca]],"-") -> - | R9: =IF(Tabela1339[[#This Row],[Diagnóstico]]="Não Prenha",Tabela1339[[#This Row],[E.C.C DG]],"-") -> - | T9: =IF(Tabela1339[[#This Row],[Diagnóstico]]="Não Prenha",Tabela1339[[#This Row],[E.C.C. IA]],"-") -> - | U9: =IF(Tabela1339[[#This Row],[Diagnóstico]]="Não Prenha",Tabela1339[[#This Row],[Raça IA]],"-") -> - | W9: =Tabela1339[[#This Row],[Categoria]] -> 0 | AB9: =IF(P9="","",SUM(P9+295)) | AE9: =IF(Tabela1312410[[#This Row],[Diagnóstico]]="Não Prenha ",Tabela1339[[#This Row],[Vaca]],"-") -> - | AK9: =Tabela1339[[#This Row],[Categoria]] -> 0 | AP9: =IF(AD9="","",SUM(AD9+295))
A10: Novilhas | B10: 46003 | C10: 4274 | F10: 2.75 | J10: Vagalume | K10: 45246 | M10: cl | N10: =IF(B10="","",SUM(B10+295)) -> 46298 | Q10: =IF(Tabela1339[[#This Row],[Diagnóstico]]="Não Prenha",Tabela1339[[#This Row],[Vaca]],"-") -> - | R10: =IF(Tabela1339[[#This Row],[Diagnóstico]]="Não Prenha",Tabela1339[[#This Row],[E.C.C DG]],"-") -> - | T10: =IF(Tabela1339[[#This Row],[Diagnóstico]]="Não Prenha",Tabela1339[[#This Row],[E.C.C. IA]],"-") -> - | U10: =IF(Tabela1339[[#This Row],[Diagnóstico]]="Não Prenha",Tabela1339[[#This Row],[Raça IA]],"-") -> - | W10: =Tabela1339[[#This Row],[Categoria]] -> 0 | AB10: =IF(P10="","",SUM(P10+295)) | AE10: =IF(Tabela1312410[[#This Row],[Diagnóstico]]="Não Prenha ",Tabela1339[[#This Row],[Vaca]],"-") -> - | AK10: =Tabela1339[[#This Row],[Categoria]] -> 0 | AP10: =IF(AD10="","",SUM(AD10+295))
A11: Novilhas | B11: 46003 | C11: 4275 | F11: 3 | J11: Vagalume | K11: 45246 | M11: cl | N11: =IF(B11="","",SUM(B11+295)) -> 46298 | Q11: =IF(Tabela1339[[#This Row],[Diagnóstico]]="Não Prenha",Tabela1339[[#This Row],[Vaca]],"-") -> - | R11: =IF(Tabela1339[[#This Row],[Diagnóstico]]="Não Prenha",Tabela1339[[#This Row],[E.C.C DG]],"-") -> - | T11: =IF(Tabela1339[[#This Row],[Diagnóstico]]="Não Prenha",Tabela1339[[#This Row],[E.C.C. IA]],"-") -> - | U11: =IF(Tabela1339[[#This Row],[Diagnóstico]]="Não Prenha",Tabela1339[[#This Row],[Raça IA]],"-") -> - | W11: =Tabela1339[[#This Row],[Categoria]] -> 0 | AB11: =IF(P11="","",SUM(P11+295)) | AE11: =IF(Tabela1312410[[#This Row],[Diagnóstico]]="Não Prenha ",Tabela1339[[#This Row],[Vaca]],"-") -> - | AK11: =Tabela1339[[#This Row],[Categoria]] -> 0 | AP11: =IF(AD11="","",SUM(AD11+295))
A12: Novilhas | B12: 46003 | C12: 4346 | M12: inf | N12: =IF(B12="","",SUM(B12+295)) -> 46298 | Q12: =IF(Tabela1339[[#This Row],[Diagnóstico]]="Não Prenha",Tabela1339[[#This Row],[Vaca]],"-") -> - | R12: =IF(Tabela1339[[#This Row],[Diagnóstico]]="Não Prenha",Tabela1339[[#This Row],[E.C.C DG]],"-") -> - | T12: =IF(Tabela1339[[#This Row],[Diagnóstico]]="Não Prenha",Tabela1339[[#This Row],[E.C.C. IA]],"-") -> - | U12: =IF(Tabela1339[[#This Row],[Diagnóstico]]="Não Prenha",Tabela1339[[#This Row],[Raça IA]],"-") -> - | W12: =Tabela1339[[#This Row],[Categoria]] -> 0 | AB12: =IF(P12="","",SUM(P12+295)) | AE12: =IF(Tabela1312410[[#This Row],[Diagnóstico]]="Não Prenha ",Tabela1339[[#This Row],[Vaca]],"-") -> - | AK12: =Tabela1339[[#This Row],[Categoria]] -> 0 | AP12: =IF(AD12="","",SUM(AD12+295))
A13: Novilhas | B13: 46003 | C13: 4384 | F13: 2.75 | J13: Guapo | K13: 40260 | M13: fl | N13: =IF(B13="","",SUM(B13+295)) -> 46298 | Q13: =IF(Tabela1339[[#This Row],[Diagnóstico]]="Não Prenha",Tabela1339[[#This Row],[Vaca]],"-") -> - | R13: =IF(Tabela1339[[#This Row],[Diagnóstico]]="Não Prenha",Tabela1339[[#This Row],[E.C.C DG]],"-") -> - | T13: =IF(Tabela1339[[#This Row],[Diagnóstico]]="Não Prenha",Tabela1339[[#This Row],[E.C.C. IA]],"-") -> - | U13: =IF(Tabela1339[[#This Row],[Diagnóstico]]="Não Prenha",Tabela1339[[#This Row],[Raça IA]],"-") -> - | W13: =Tabela1339[[#This Row],[Categoria]] -> 0 | AB13: =IF(P13="","",SUM(P13+295)) | AE13: =IF(Tabela1312410[[#This Row],[Diagnóstico]]="Não Prenha ",Tabela1339[[#This Row],[Vaca]],"-") -> - | AK13: =Tabela1339[[#This Row],[Categoria]] -> 0 | AP13: =IF(AD13="","",SUM(AD13+295))
A14: Novilhas | B14: 46003 | C14: 4531 | F14: 2.5 | J14: Vagalume | K14: 45246 | M14: fl | N14: =IF(B14="","",SUM(B14+295)) -> 46298 | Q14: =IF(Tabela1339[[#This Row],[Diagnóstico]]="Não Prenha",Tabela1339[[#This Row],[Vaca]],"-") -> - | R14: =IF(Tabela1339[[#This Row],[Diagnóstico]]="Não Prenha",Tabela1339[[#This Row],[E.C.C DG]],"-") -> - | T14: =IF(Tabela1339[[#This Row],[Diagnóstico]]="Não Prenha",Tabela1339[[#This Row],[E.C.C. IA]],"-") -> - | U14: =IF(Tabela1339[[#This Row],[Diagnóstico]]="Não Prenha",Tabela1339[[#This Row],[Raça IA]],"-") -> - | W14: =Tabela1339[[#This Row],[Categoria]] -> 0 | AB14: =IF(P14="","",SUM(P14+295)) | AE14: =IF(Tabela1312410[[#This Row],[Diagnóstico]]="Não Prenha ",Tabela1339[[#This Row],[Vaca]],"-") -> - | AK14: =Tabela1339[[#This Row],[Categoria]] -> 0 | AP14: =IF(AD14="","",SUM(AD14+295))
A15: Novilhas | B15: 46003 | C15: 4541 | F15: 2.75 | J15: Vagalume | K15: 45246 | M15: cl | N15: =IF(B15="","",SUM(B15+295)) -> 46298 | Q15: =IF(Tabela1339[[#This Row],[Diagnóstico]]="Não Prenha",Tabela1339[[#This Row],[Vaca]],"-") -> - | R15: =IF(Tabela1339[[#This Row],[Diagnóstico]]="Não Prenha",Tabela1339[[#This Row],[E.C.C DG]],"-") -> - | T15: =IF(Tabela1339[[#This Row],[Diagnóstico]]="Não Prenha",Tabela1339[[#This Row],[E.C.C. IA]],"-") -> - | U15: =IF(Tabela1339[[#This Row],[Diagnóstico]]="Não Prenha",Tabela1339[[#This Row],[Raça IA]],"-") -> - | W15: =Tabela1339[[#This Row],[Categoria]] -> 0 | AB15: =IF(P15="","",SUM(P15+295)) | AE15: =IF(Tabela1312410[[#This Row],[Diagnóstico]]="Não Prenha ",Tabela1339[[#This Row],[Vaca]],"-") -> - | AK15: =Tabela1339[[#This Row],[Categoria]] -> 0 | AP15: =IF(AD15="","",SUM(AD15+295))
A16: Novilhas | B16: 46003 | C16: 4549 | F16: 2.75 | J16: Guapo | K16: 40260 | M16: fl | N16: =IF(B16="","",SUM(B16+295)) -> 46298 | Q16: =IF(Tabela1339[[#This Row],[Diagnóstico]]="Não Prenha",Tabela1339[[#This Row],[Vaca]],"-") -> - | R16: =IF(Tabela1339[[#This Row],[Diagnóstico]]="Não Prenha",Tabela1339[[#This Row],[E.C.C DG]],"-") -> - | T16: =IF(Tabela1339[[#This Row],[Diagnóstico]]="Não Prenha",Tabela1339[[#This Row],[E.C.C. IA]],"-") -> - | U16: =IF(Tabela1339[[#This Row],[Diagnóstico]]="Não Prenha",Tabela1339[[#This Row],[Raça IA]],"-") -> - | W16: =Tabela1339[[#This Row],[Categoria]] -> 0 | AB16: =IF(P16="","",SUM(P16+295)) | AE16: =IF(Tabela1312410[[#This Row],[Diagnóstico]]="Não Prenha ",Tabela1339[[#This Row],[Vaca]],"-") -> - | AK16: =Tabela1339[[#This Row],[Categoria]] -> 0 | AP16: =IF(AD16="","",SUM(AD16+295))
A17: Novilhas | B17: 46003 | C17: 4632 | M17: inf | N17: =IF(B17="","",SUM(B17+295)) -> 46298 | Q17: =IF(Tabela1339[[#This Row],[Diagnóstico]]="Não Prenha",Tabela1339[[#This Row],[Vaca]],"-") -> - | R17: =IF(Tabela1339[[#This Row],[Diagnóstico]]="Não Prenha",Tabela1339[[#This Row],[E.C.C DG]],"-") -> - | T17: =IF(Tabela1339[[#This Row],[Diagnóstico]]="Não Prenha",Tabela1339[[#This Row],[E.C.C. IA]],"-") -> - | U17: =IF(Tabela1339[[#This Row],[Diagnóstico]]="Não Prenha",Tabela1339[[#This Row],[Raça IA]],"-") -> - | W17: =Tabela1339[[#This Row],[Categoria]] -> 0 | AB17: =IF(P17="","",SUM(P17+295)) | AE17: =IF(Tabela1312410[[#This Row],[Diagnóstico]]="Não Prenha ",Tabela1339[[#This Row],[Vaca]],"-") -> - | AK17: =Tabela1339[[#This Row],[Categoria]] -> 0 | AP17: =IF(AD17="","",SUM(AD17+295))
A18: Novilhas | B18: 46003 | C18: sn | F18: 3 | J18: Vagalume | K18: 45246 | M18: fl | N18: =IF(B18="","",SUM(B18+295)) -> 46298 | Q18: =IF(Tabela1339[[#This Row],[Diagnóstico]]="Não Prenha",Tabela1339[[#This Row],[Vaca]],"-") -> - | R18: =IF(Tabela1339[[#This Row],[Diagnóstico]]="Não Prenha",Tabela1339[[#This Row],[E.C.C DG]],"-") -> - | T18: =IF(Tabela1339[[#This Row],[Diagnóstico]]="Não Prenha",Tabela1339[[#This Row],[E.C.C. IA]],"-") -> - | U18: =IF(Tabela1339[[#This Row],[Diagnóstico]]="Não Prenha",Tabela1339[[#This Row],[Raça IA]],"-") -> - | W18: =Tabela1339[[#This Row],[Categoria]] -> 0 | AB18: =IF(P18="","",SUM(P18+295)) | AE18: =IF(Tabela1312410[[#This Row],[Diagnóstico]]="Não Prenha ",Tabela1339[[#This Row],[Vaca]],"-") -> - | AK18: =Tabela1339[[#This Row],[Categoria]] -> 0 | AP18: =IF(AD18="","",SUM(AD18+295))
A19: Novilhas | B19: 46003 | C19: sn | F19: 2.75 | J19: Vagalume | K19: 45246 | M19: cl | N19: =IF(B19="","",SUM(B19+295)) -> 46298 | Q19: =IF(Tabela1339[[#This Row],[Diagnóstico]]="Não Prenha",Tabela1339[[#This Row],[Vaca]],"-") -> - | R19: =IF(Tabela1339[[#This Row],[Diagnóstico]]="Não Prenha",Tabela1339[[#This Row],[E.C.C DG]],"-") -> - | T19: =IF(Tabela1339[[#This Row],[Diagnóstico]]="Não Prenha",Tabela1339[[#This Row],[E.C.C. IA]],"-") -> - | U19: =IF(Tabela1339[[#This Row],[Diagnóstico]]="Não Prenha",Tabela1339[[#This Row],[Raça IA]],"-") -> - | W19: =Tabela1339[[#This Row],[Categoria]] -> 0 | AB19: =IF(P19="","",SUM(P19+295)) | AE19: =IF(Tabela1312410[[#This Row],[Diagnóstico]]="Não Prenha ",Tabela1339[[#This Row],[Vaca]],"-") -> - | AK19: =Tabela1339[[#This Row],[Categoria]] -> 0 | AP19: =IF(AD19="","",SUM(AD19+295))
A20: Novilhas | B20: 46003 | C20: sn | F20: 2.75 | J20: Guapo | K20: 40260 | M20: cl | N20: =IF(B20="","",SUM(B20+295)) -> 46298 | Q20: =IF(Tabela1339[[#This Row],[Diagnóstico]]="Não Prenha",Tabela1339[[#This Row],[Vaca]],"-") -> - | R20: =IF(Tabela1339[[#This Row],[Diagnóstico]]="Não Prenha",Tabela1339[[#This Row],[E.C.C DG]],"-") -> - | T20: =IF(Tabela1339[[#This Row],[Diagnóstico]]="Não Prenha",Tabela1339[[#This Row],[E.C.C. IA]],"-") -> - | U20: =IF(Tabela1339[[#This Row],[Diagnóstico]]="Não Prenha",Tabela1339[[#This Row],[Raça IA]],"-") -> - | W20: =Tabela1339[[#This Row],[Categoria]] -> 0 | AB20: =IF(P20="","",SUM(P20+295)) | AE20: =IF(Tabela1312410[[#This Row],[Diagnóstico]]="Não Prenha ",Tabela1339[[#This Row],[Vaca]],"-") -> - | AK20: =Tabela1339[[#This Row],[Categoria]] -> 0 | AP20: =IF(AD20="","",SUM(AD20+295))
N21: =IF(B21="","",SUM(B21+295)) | Q21: =IF(Tabela1339[[#This Row],[Diagnóstico]]="Não Prenha",Tabela1339[[#This Row],[Vaca]],"-") -> - | R21: =IF(Tabela1339[[#This Row],[Diagnóstico]]="Não Prenha",Tabela1339[[#This Row],[E.C.C DG]],"-") -> - | T21: =IF(Tabela1339[[#This Row],[Diagnóstico]]="Não Prenha",Tabela1339[[#This Row],[E.C.C. IA]],"-") -> - | U21: =IF(Tabela1339[[#This Row],[Diagnóstico]]="Não Prenha",Tabela1339[[#This Row],[Raça IA]],"-") -> - | W21: =Tabela1339[[#This Row],[Categoria]] -> 0 | AB21: =IF(P21="","",SUM(P21+295)) | AE21: =IF(Tabela1312410[[#This Row],[Diagnóstico]]="Não Prenha ",Tabela1339[[#This Row],[Vaca]],"-") -> - | AK21: =Tabela1339[[#This Row],[Categoria]] -> 0 | AP21: =IF(AD21="","",SUM(AD21+295))
